epoch,sample_point,train_loss,train_acc,val_loss,val_acc,lr,epoch_time_s,cuda_util_pct,cuda_mem_util_pct,gpu_temp_c,gpu_temp_tlimit_c,gpu_power_w,gpu_clock_sm_mhz,gpu_clock_mem_mhz,gpu_fan_pct,gpu_throttled,cpu_pct,cpu_pct_per_core,ram_used_gb,swap_used_gb,disk_read_mb_s,disk_write_mb_s,nvsmi_vram_used_gb,vram_other_processes_gb,pcie_tx_kb_s,pcie_rx_kb_s,pcie_link_gen_current,pcie_link_width_current,cuda_util_pct_min,cuda_util_pct_avg,cuda_util_pct_max,cuda_mem_util_pct_min,cuda_mem_util_pct_avg,cuda_mem_util_pct_max,gpu_temp_c_min,gpu_temp_c_avg,gpu_temp_c_max,gpu_temp_tlimit_c_min,gpu_temp_tlimit_c_avg,gpu_temp_tlimit_c_max,gpu_power_w_min,gpu_power_w_avg,gpu_power_w_max,gpu_clock_sm_mhz_avg,gpu_clock_mem_mhz_avg,gpu_fan_pct_avg,gpu_throttled_any,cpu_pct_min,cpu_pct_avg,cpu_pct_max,ram_used_gb_min,ram_used_gb_avg,ram_used_gb_max,ram_total_gb,swap_used_gb_min,swap_used_gb_avg,swap_used_gb_max,swap_total_gb,disk_read_mb_s_min,disk_read_mb_s_avg,disk_read_mb_s_max,disk_write_mb_s_min,disk_write_mb_s_avg,disk_write_mb_s_max,vram_peak_alloc_gb,vram_peak_reserved_gb,nvsmi_vram_used_gb_min,nvsmi_vram_used_gb_avg,nvsmi_vram_used_gb_max,nvsmi_vram_total_gb,vram_other_processes_gb_min,vram_other_processes_gb_avg,vram_other_processes_gb_max,pcie_tx_kb_s_min,pcie_tx_kb_s_avg,pcie_tx_kb_s_max,pcie_rx_kb_s_min,pcie_rx_kb_s_avg,pcie_rx_kb_s_max,pcie_link_gen_current_min,pcie_link_gen_current_avg,pcie_link_gen_current_max,pcie_link_width_current_min,pcie_link_width_current_avg,pcie_link_width_current_max,pcie_link_gen_max,pcie_link_width_max,data_wait_s,compute_s
1,1,,,,,,,98,66,48,36,22.1,2565,10801,30,0,8.7,11.3;4.3;5.7;6.2;4.3;4.5;20.5;38.7;10.9;11.4;21.9;42.8;3.2;3.5;1.3;1.6;2.5;2.9;1.0;0.8;2.7;2.3;2.3;2.9,36.29,0.08,0.21,1.13,14.94,0.754,830.0,1367.0,4,16,,,,,,,,,,,,,,,,,,,,,,,,,,,,,,,,,,,,,,,,,,,,,,,,,,,,,,,,,,,,,
1,2,,,,,,,100,70,56,28,223.7,2745,10801,30,0,16.7,16.4;5.2;13.2;13.5;7.6;5.9;57.5;71.7;36.5;20.9;60.2;51.8;3.2;3.9;2.7;2.5;3.4;3.4;2.9;2.7;2.2;2.5;3.2;3.7,36.55,0.08,0.12,0.43,14.953,0.764,46191.0,195849.0,4,16,,,,,,,,,,,,,,,,,,,,,,,,,,,,,,,,,,,,,,,,,,,,,,,,,,,,,,,,,,,,,
1,3,,,,,,,100,99,57,26,224.9,2745,10801,30,0,8.0,15.1;1.4;4.1;4.6;1.1;2.5;36.2;31.8;7.6;7.0;48.0;22.5;1.1;0.8;0.5;0.0;0.5;0.0;1.1;0.5;0.5;0.5;1.9;2.7,36.52,0.08,0.02,0.84,14.953,0.764,0.0,1513.0,4,16,,,,,,,,,,,,,,,,,,,,,,,,,,,,,,,,,,,,,,,,,,,,,,,,,,,,,,,,,,,,,
1,summary,3.258531166257856,0.046064198523132566,3.266742152283472,0.022244814965433103,0.00009600,59.4,,,,,,,,,,,,,,,,,,,,,,98,99.33,100,66,78.33,99,48,53.67,57,26,30.0,36,22.1,156.9,224.9,2685.0,10801.0,30.0,0,8.0,11.13,16.7,36.29,36.45,36.55,63.16,0.08,0.08,0.08,20.06,0.02,0.12,0.21,0.43,0.8,1.13,10.926,14.189,14.94,14.95,14.953,15.992,0.754,0.76,0.764,0.0,15673.67,46191.0,1367.0,66243.0,195849.0,4,4.0,4,16,16.0,16,4,16,54.96,2.63
2,1,,,,,,,0,0,49,30,56.5,2760,10801,30,0,62.1,79.0;79.3;90.4;94.9;84.9;87.4;95.5;97.0;89.0;89.9;94.9;97.0;50.0;58.6;17.2;18.7;44.7;45.2;12.6;15.7;46.5;42.9;26.3;32.7,36.72,0.08,0.09,4.31,14.953,0.764,36523.0,161572.0,4,16,,,,,,,,,,,,,,,,,,,,,,,,,,,,,,,,,,,,,,,,,,,,,,,,,,,,,,,,,,,,,
2,2,,,,,,,100,72,59,27,225.8,2745,10801,30,0,24.6,24.2;15.2;25.8;29.2;18.6;21.6;73.2;57.2;37.9;37.6;71.8;57.0;14.0;14.3;7.9;6.9;9.9;12.6;3.4;5.7;12.8;12.3;9.1;11.0,36.67,0.08,0.11,7.0,14.953,0.764,24511.0,38085.0,4,16,,,,,,,,,,,,,,,,,,,,,,,,,,,,,,,,,,,,,,,,,,,,,,,,,,,,,,,,,,,,,
2,3,,,,,,,96,90,60,24,228.0,2745,10801,30,0,7.0,16.8;0.3;1.9;2.5;0.3;1.1;34.3;40.8;3.6;7.5;21.0;36.5;0.3;0.0;0.0;0.0;0.0;0.0;0.0;0.0;0.6;0.0;0.0;0.8,36.64,0.08,0.03,4.68,14.948,0.759,23144.0,312158.0,4,16,,,,,,,,,,,,,,,,,,,,,,,,,,,,,,,,,,,,,,,,,,,,,,,,,,,,,,,,,,,,,
2,summary,3.1258062807509948,0.10605745287013182,2.628215674299106,0.1812525416836112,0.00019200,14.9,,,,,,,,,,,,,,,,,,,,,,0,65.33,100,0,54.0,90,49,56.0,60,24,27.0,30,56.5,170.1,228.0,2750.0,10801.0,30.0,0,7.0,31.23,62.1,36.64,36.68,36.72,63.16,0.08,0.08,0.08,20.06,0.03,0.08,0.11,4.31,5.33,7.0,10.926,14.189,14.948,14.95,14.953,15.992,0.759,0.76,0.764,23144.0,28059.33,36523.0,38085.0,170605.0,312158.0,4,4.0,4,16,16.0,16,4,16,11.3,1.9
3,1,,,,,,,0,0,50,25,57.0,2760,10801,30,0,63.0,80.6;80.6;94.0;95.0;87.1;90.0;98.5;95.5;87.6;89.6;90.5;95.5;53.7;55.2;22.9;24.3;41.8;44.3;13.9;17.4;41.8;45.8;28.4;37.6,36.72,0.08,0.0,8.13,14.953,0.764,3955.0,68359.0,4,16,,,,,,,,,,,,,,,,,,,,,,,,,,,,,,,,,,,,,,,,,,,,,,,,,,,,,,,,,,,,,
3,2,,,,,,,100,92,60,25,226.5,2745,10801,30,0,24.0,26.6;15.3;23.2;25.6;16.9;18.7;69.1;57.1;29.7;43.1;76.1;58.7;13.2;14.1;6.2;6.3;12.0;11.3;4.6;4.1;11.9;12.9;9.4;9.3,36.74,0.08,0.04,5.16,14.952,0.757,6640.0,19189.0,4,16,,,,,,,,,,,,,,,,,,,,,,,,,,,,,,,,,,,,,,,,,,,,,,,,,,,,,,,,,,,,,
3,3,,,,,,,96,72,61,24,228.3,2745,10801,30,0,6.7,11.9;0.3;1.4;1.4;0.8;0.5;22.0;52.7;3.3;4.7;21.1;39.6;0.8;0.3;0.0;0.0;0.0;0.0;0.3;0.0;0.0;0.0;0.0;0.5,36.7,0.08,0.02,5.74,14.961,0.766,62548.0,87304.0,4,16,,,,,,,,,,,,,,,,,,,,,,,,,,,,,,,,,,,,,,,,,,,,,,,,,,,,,,,,,,,,,
3,summary,2.3978139255917528,0.2743471427853806,1.845932287528002,0.5237901586010574,0.00028800,15.2,,,,,,,,,,,,,,,,,,,,,,0,65.33,100,0,54.67,92,50,57.0,61,24,24.67,25,57.0,170.6,228.3,2750.0,10801.0,30.0,0,6.7,31.23,63.0,36.7,36.72,36.74,63.16,0.08,0.08,0.08,20.06,0.0,0.02,0.04,5.16,6.34,8.13,10.928,14.195,14.952,14.96,14.961,15.992,0.757,0.76,0.766,3955.0,24381.0,62548.0,19189.0,58284.0,87304.0,4,4.0,4,16,16.0,16,4,16,11.14,2.29
4,1,,,,,,,0,0,51,33,56.7,2760,10801,30,0,62.5,83.0;83.8;95.5;94.0;86.9;89.4;97.5;98.5;89.4;94.0;94.5;96.0;61.6;64.1;19.2;15.2;44.4;46.2;15.7;14.6;33.8;34.3;23.1;25.0,36.81,0.08,0.0,5.22,14.961,0.766,23828.0,26123.0,4,16,,,,,,,,,,,,,,,,,,,,,,,,,,,,,,,,,,,,,,,,,,,,,,,,,,,,,,,,,,,,,
4,2,,,,,,,96,90,59,24,226.8,2745,10801,30,0,24.0,26.7;12.8;27.8;26.5;19.9;21.9;61.2;68.1;34.6;38.7;59.3;62.3;12.0;12.3;7.6;7.7;11.1;10.8;5.9;6.6;11.0;10.6;8.4;10.9,36.74,0.08,0.03,5.55,14.961,0.766,5761.0,31591.0,4,16,,,,,,,,,,,,,,,,,,,,,,,,,,,,,,,,,,,,,,,,,,,,,,,,,,,,,,,,,,,,,
4,3,,,,,,,100,69,63,23,228.4,2745,10801,30,0,6.9,12.5;1.1;2.8;1.1;0.6;0.3;27.1;41.2;3.6;5.0;21.1;42.4;0.8;0.3;0.0;0.5;0.3;0.3;0.3;0.0;1.1;0.6;0.3;1.1,36.71,0.08,0.05,6.01,14.961,0.766,10595.0,197656.0,4,16,,,,,,,,,,,,,,,,,,,,,,,,,,,,,,,,,,,,,,,,,,,,,,,,,,,,,,,,,,,,,
4,summary,1.2906045799315289,0.6951610704059591,0.6544917991899193,0.9198047986986579,0.00038400,15.0,,,,,,,,,,,,,,,,,,,,,,0,65.33,100,0,53.0,90,51,57.67,63,23,26.67,33,56.7,170.63,228.4,2750.0,10801.0,30.0,0,6.9,31.13,62.5,36.71,36.75,36.81,63.16,0.08,0.08,0.08,20.06,0.0,0.03,0.05,5.22,5.59,6.01,10.928,14.195,14.961,14.96,14.961,15.992,0.766,0.77,0.766,5761.0,13394.67,23828.0,26123.0,85123.33,197656.0,4,4.0,4,16,16.0,16,4,16,11.33,1.89
5,1,,,,,,,0,0,52,26,61.7,2745,10801,30,0,61.6,79.4;81.7;91.4;86.6;83.7;87.5;91.8;94.7;88.0;89.9;94.2;98.1;52.4;64.4;17.8;13.5;48.6;48.3;13.5;12.5;38.8;38.5;29.8;32.7,36.81,0.08,0.01,5.09,14.961,0.766,21044.0,197363.0,4,16,,,,,,,,,,,,,,,,,,,,,,,,,,,,,,,,,,,,,,,,,,,,,,,,,,,,,,,,,,,,,
5,2,,,,,,,100,93,62,23,227.8,2745,10801,30,0,23.6,23.5;14.8;23.7;27.1;17.7;18.9;49.6;77.0;37.3;39.1;56.7;72.8;12.9;12.4;4.4;5.1;11.7;11.4;3.6;2.7;12.9;12.2;8.0;9.2,36.74,0.08,0.01,6.65,14.961,0.766,7324.0,48193.0,4,16,,,,,,,,,,,,,,,,,,,,,,,,,,,,,,,,,,,,,,,,,,,,,,,,,,,,,,,,,,,,,
5,3,,,,,,,96,78,61,23,228.5,2745,10801,30,0,7.0,13.7;1.4;1.7;3.0;1.7;0.6;40.8;27.9;3.3;6.4;29.9;32.7;0.3;0.6;0.0;0.0;0.8;0.3;0.0;0.6;1.4;1.1;0.0;0.6,36.71,0.08,0.03,4.72,14.952,0.757,68701.0,25732.0,4,16,,,,,,,,,,,,,,,,,,,,,,,,,,,,,,,,,,,,,,,,,,,,,,,,,,,,,,,,,,,,,
5,summary,0.7103979356252176,0.8887756639803659,0.5367721454696763,0.9407482716551444,0.00048000,15.1,,,,,,,,,,,,,,,,,,,,,,0,65.33,100,0,57.0,93,52,58.33,62,23,24.0,26,61.7,172.67,228.5,2745.0,10801.0,30.0,0,7.0,30.73,61.6,36.71,36.75,36.81,63.16,0.08,0.08,0.08,20.06,0.01,0.02,0.03,4.72,5.49,6.65,10.928,14.195,14.952,14.96,14.961,15.992,0.757,0.76,0.766,7324.0,32356.33,68701.0,25732.0,90429.33,197363.0,4,4.0,4,16,16.0,16,4,16,11.17,2.19
6,1,,,,,,,4,4,53,31,57.2,2745,10801,30,0,62.7,76.3;80.5;92.5;91.5;84.5;86.5;92.0;94.5;90.5;92.0;93.5;95.5;57.5;60.0;22.0;19.9;46.3;46.0;14.0;18.0;42.8;45.8;31.5;30.0,36.8,0.08,0.0,5.22,14.961,0.766,4443.0,14843.0,4,16,,,,,,,,,,,,,,,,,,,,,,,,,,,,,,,,,,,,,,,,,,,,,,,,,,,,,,,,,,,,,
6,2,,,,,,,96,74,61,21,229.6,2745,10801,30,0,24.4,23.6;15.6;33.7;30.5;19.3;17.6;61.3;67.2;40.8;37.4;60.0;59.4;14.0;13.7;6.1;6.2;11.5;13.2;4.2;4.9;12.3;11.5;9.3;11.5,36.73,0.08,0.0,6.76,14.956,0.761,31298.0,14062.0,4,16,,,,,,,,,,,,,,,,,,,,,,,,,,,,,,,,,,,,,,,,,,,,,,,,,,,,,,,,,,,,,
6,3,,,,,,,100,82,64,22,229.4,2730,10801,30,0,6.4,9.1;0.3;0.8;2.0;1.1;0.0;41.5;21.2;3.1;4.7;40.8;28.0;0.3;0.0;0.0;0.0;0.0;0.0;0.3;0.0;0.0;0.3;0.0;0.0,36.72,0.08,0.02,4.69,14.961,0.766,4638.0,209521.0,4,16,,,,,,,,,,,,,,,,,,,,,,,,,,,,,,,,,,,,,,,,,,,,,,,,,,,,,,,,,,,,,
6,summary,0.6099349103368037,0.9143158544374197,0.517900816596296,0.9371289141927612,0.00057600,14.9,,,,,,,,,,,,,,,,,,,,,,4,66.67,100,4,53.33,82,53,59.33,64,21,24.67,31,57.2,172.07,229.6,2740.0,10801.0,30.0,0,6.4,31.17,62.7,36.72,36.75,36.8,63.16,0.08,0.08,0.08,20.06,0.0,0.01,0.02,4.69,5.56,6.76,10.927,14.195,14.956,14.96,14.961,15.992,0.761,0.76,0.766,4443.0,13459.67,31298.0,14062.0,79475.33,209521.0,4,4.0,4,16,16.0,16,4,16,11.32,1.92
7,1,,,,,,,0,0,54,26,58.3,2745,10801,30,0,62.5,81.2;77.4;96.0;94.4;87.4;86.9;95.5;94.9;86.4;90.9;95.4;98.5;57.3;52.0;18.4;15.6;47.0;47.0;13.6;16.0;40.5;44.7;29.5;36.4,36.82,0.08,0.01,5.34,14.961,0.766,35058.0,224853.0,4,16,,,,,,,,,,,,,,,,,,,,,,,,,,,,,,,,,,,,,,,,,,,,,,,,,,,,,,,,,,,,,
7,2,,,,,,,100,67,65,21,230.3,2745,10801,30,0,23.7,24.5;15.7;24.5;31.2;21.5;20.4;61.1;64.3;31.9;36.8;64.8;54.7;12.3;12.1;6.8;7.5;11.6;12.3;5.6;6.1;10.6;12.6;9.2;9.7,36.73,0.08,0.01,6.51,14.961,0.766,14746.0,48291.0,4,16,,,,,,,,,,,,,,,,,,,,,,,,,,,,,,,,,,,,,,,,,,,,,,,,,,,,,,,,,,,,,
7,3,,,,,,,96,88,63,21,227.9,2745,10801,31,0,7.1,13.3;1.4;1.1;1.4;0.3;0.8;38.0;38.1;6.3;5.5;31.4;29.2;0.8;0.8;0.3;0.0;0.5;0.3;0.0;0.0;0.0;0.3;0.0;0.3,36.73,0.08,0.03,4.7,14.961,0.766,53759.0,1367.0,4,16,,,,,,,,,,,,,,,,,,,,,,,,,,,,,,,,,,,,,,,,,,,,,,,,,,,,,,,,,,,,,
7,summary,0.5613617107291076,0.9275344638282298,0.4877893690875799,0.9496543310288735,0.00067200,15.1,,,,,,,,,,,,,,,,,,,,,,0,65.33,100,0,51.67,88,54,60.67,65,21,22.67,26,58.3,172.17,230.3,2745.0,10801.0,30.3,0,7.1,31.1,62.5,36.73,36.76,36.82,63.16,0.08,0.08,0.08,20.06,0.01,0.02,0.03,4.7,5.52,6.51,10.931,14.195,14.961,14.96,14.961,15.992,0.766,0.77,0.766,14746.0,34521.0,53759.0,1367.0,91503.67,224853.0,4,4.0,4,16,16.0,16,4,16,11.05,2.25
8,1,,,,,,,0,0,54,30,74.9,2745,10801,31,0,63.3,74.6;75.7;92.0;93.0;87.6;90.5;97.0;96.0;88.1;90.5;97.0;95.5;60.2;59.2;20.3;20.4;47.0;50.2;16.9;17.4;40.3;40.3;31.3;37.8,36.81,0.08,0.0,5.12,14.961,0.766,5615.0,35839.0,4,16,,,,,,,,,,,,,,,,,,,,,,,,,,,,,,,,,,,,,,,,,,,,,,,,,,,,,,,,,,,,,
8,2,,,,,,,100,78,65,21,230.0,2745,10801,31,0,23.0,22.3;12.8;27.5;22.4;18.9;16.0;77.2;52.0;37.8;39.2;67.6;52.1;12.5;10.6;7.8;6.1;9.1;10.6;4.7;5.9;9.6;11.5;9.8;9.3,36.74,0.08,0.0,6.75,14.961,0.766,6542.0,32763.0,4,16,,,,,,,,,,,,,,,,,,,,,,,,,,,,,,,,,,,,,,,,,,,,,,,,,,,,,,,,,,,,,
8,3,,,,,,,96,89,63,20,228.8,2745,10801,31,0,7.4,12.3;1.9;1.7;3.8;1.9;0.8;21.2;43.4;3.9;6.1;33.2;40.4;0.6;0.8;0.0;1.1;0.6;0.0;0.3;0.3;1.9;0.6;0.3;0.3,36.72,0.08,0.17,5.16,14.952,0.757,53808.0,97.0,4,16,,,,,,,,,,,,,,,,,,,,,,,,,,,,,,,,,,,,,,,,,,,,,,,,,,,,,,,,,,,,,
8,summary,0.5388653011669994,0.9329309862288212,0.48253741872751793,0.950793005286702,0.00076800,15.0,,,,,,,,,,,,,,,,,,,,,,0,65.33,100,0,55.67,89,54,60.67,65,20,23.67,30,74.9,177.9,230.0,2745.0,10801.0,31.0,0,7.4,31.23,63.3,36.72,36.76,36.81,63.16,0.08,0.08,0.08,20.06,0.0,0.06,0.17,5.12,5.68,6.75,10.931,14.195,14.952,14.96,14.961,15.992,0.757,0.76,0.766,5615.0,21988.33,53808.0,97.0,22899.67,35839.0,4,4.0,4,16,16.0,16,4,16,11.37,1.9
9,1,,,,,,,0,0,55,24,58.4,2745,10801,31,0,63.0,69.9;76.7;91.6;90.6;89.1;91.5;92.0;94.5;88.6;91.6;97.5;94.5;58.4;58.6;24.5;22.2;44.3;45.5;21.7;18.7;40.4;41.2;35.1;36.6,36.8,0.08,0.0,7.73,14.961,0.766,4394.0,30566.0,4,16,,,,,,,,,,,,,,,,,,,,,,,,,,,,,,,,,,,,,,,,,,,,,,,,,,,,,,,,,,,,,
9,2,,,,,,,100,69,65,20,230.3,2745,10801,31,0,22.6,22.1;13.6;25.4;26.4;16.9;18.2;55.6;59.8;32.1;38.0;62.1;66.8;12.1;12.3;6.8;5.8;9.9;11.1;3.9;4.4;10.7;10.2;8.0;9.9,36.72,0.08,0.02,5.34,14.952,0.757,24658.0,13916.0,4,16,,,,,,,,,,,,,,,,,,,,,,,,,,,,,,,,,,,,,,,,,,,,,,,,,,,,,,,,,,,,,
9,3,,,,,,,96,90,64,22,228.9,2745,10801,31,0,6.6,12.5;0.6;0.8;1.9;0.6;0.3;27.9;29.6;2.8;2.8;35.1;39.9;0.0;0.3;0.0;0.0;0.0;0.3;0.6;0.3;1.1;0.3;0.0;0.8,36.71,0.08,0.02,4.69,14.963,0.766,56396.0,2734.0,4,16,,,,,,,,,,,,,,,,,,,,,,,,,,,,,,,,,,,,,,,,,,,,,,,,,,,,,,,,,,,,,
9,summary,0.5271556052057446,0.9357871244142405,0.4715489937649262,0.9548190321268808,0.00086400,15.1,,,,,,,,,,,,,,,,,,,,,,0,65.33,100,0,53.0,90,55,61.33,65,20,22.0,24,58.4,172.53,230.3,2745.0,10801.0,31.0,0,6.6,30.73,63.0,36.71,36.74,36.8,63.16,0.08,0.08,0.08,20.06,0.0,0.01,0.02,4.69,5.92,7.73,10.933,14.197,14.952,14.96,14.963,15.992,0.757,0.76,0.766,4394.0,28482.67,56396.0,2734.0,15738.67,30566.0,4,4.0,4,16,16.0,16,4,16,11.16,2.19
10,1,,,,,,,0,0,55,25,66.3,2745,10801,32,0,62.2,73.3;82.4;91.5;91.5;88.0;88.4;95.5;95.5;85.9;92.0;96.0;98.0;51.3;56.5;22.0;23.1;41.2;44.8;14.5;14.6;41.2;42.2;27.6;36.2,36.77,0.08,0.04,7.33,14.963,0.766,5761.0,37304.0,4,16,,,,,,,,,,,,,,,,,,,,,,,,,,,,,,,,,,,,,,,,,,,,,,,,,,,,,,,,,,,,,
10,2,,,,,,,96,89,63,21,229.6,2745,10801,32,0,23.9,22.6;15.0;27.0;23.3;20.1;17.7;51.6;74.5;35.0;39.1;60.6;69.0;13.8;12.8;6.9;7.4;12.5;12.5;4.2;5.2;11.1;11.8;8.1;10.8,36.74,0.08,0.02,5.54,14.963,0.766,68115.0,16845.0,4,16,,,,,,,,,,,,,,,,,,,,,,,,,,,,,,,,,,,,,,,,,,,,,,,,,,,,,,,,,,,,,
10,3,,,,,,,100,69,64,19,231.2,2745,10801,32,0,7.0,16.3;0.0;2.5;2.5;0.8;1.4;33.1;24.7;5.0;4.1;43.3;29.0;0.6;0.6;0.0;0.0;0.0;0.3;0.0;0.0;0.6;0.3;0.3;0.6,36.69,0.08,0.03,5.93,14.963,0.766,34912.0,79687.0,4,16,,,,,,,,,,,,,,,,,,,,,,,,,,,,,,,,,,,,,,,,,,,,,,,,,,,,,,,,,,,,,
10,summary,0.5146517230299762,0.9387293773188182,0.47525007177921463,0.9490849938999594,0.00096000,15.0,,,,,,,,,,,,,,,,,,,,,,0,65.33,100,0,52.67,89,55,60.67,64,19,21.67,25,66.3,175.7,231.2,2745.0,10801.0,32.0,0,7.0,31.03,62.2,36.69,36.73,36.77,63.16,0.08,0.08,0.08,20.06,0.02,0.03,0.04,5.54,6.27,7.33,10.933,14.197,14.963,14.96,14.963,15.992,0.766,0.77,0.766,5761.0,36262.67,68115.0,16845.0,44612.0,79687.0,4,4.0,4,16,16.0,16,4,16,11.26,1.96
11,1,,,,,,,0,0,56,21,76.5,2745,10801,32,0,63.0,78.5;79.7;91.8;90.3;88.9;88.9;92.9;97.0;91.9;94.9;96.9;99.0;53.8;52.8;20.3;22.8;44.4;46.7;21.8;23.4;39.1;40.9;25.9;28.9,36.74,0.08,0.06,4.67,14.963,0.766,9326.0,18994.0,4,16,,,,,,,,,,,,,,,,,,,,,,,,,,,,,,,,,,,,,,,,,,,,,,,,,,,,,,,,,,,,,
11,2,,,,,,,100,77,64,20,219.5,2730,10801,32,0,24.4,27.5;15.0;30.2;27.1;20.5;18.4;62.0;59.1;38.6;36.0;68.4;53.8;13.6;13.8;8.7;7.0;12.6;13.3;4.6;6.5;14.2;11.9;11.4;11.1,36.71,0.08,0.01,5.59,14.963,0.766,27539.0,15673.0,4,16,,,,,,,,,,,,,,,,,,,,,,,,,,,,,,,,,,,,,,,,,,,,,,,,,,,,,,,,,,,,,
11,3,,,,,,,100,90,63,21,230.6,2730,10801,32,0,6.8,14.0;0.3;1.1;1.9;1.1;0.3;34.3;28.1;7.2;2.8;45.9;24.1;0.0;0.3;0.0;0.0;0.0;0.3;0.0;0.3;0.6;0.0;0.0;0.6,36.69,0.08,0.01,3.97,14.954,0.757,4833.0,198291.0,4,16,,,,,,,,,,,,,,,,,,,,,,,,,,,,,,,,,,,,,,,,,,,,,,,,,,,,,,,,,,,,,
11,summary,0.5059069999850411,0.9414348147457104,0.4667699214742163,0.954127694184628,0.00099998,15.0,,,,,,,,,,,,,,,,,,,,,,0,66.67,100,0,55.67,90,56,61.0,64,20,20.67,21,76.5,175.53,230.6,2735.0,10801.0,32.0,0,6.8,31.4,63.0,36.69,36.71,36.74,63.16,0.08,0.08,0.08,20.06,0.01,0.03,0.06,3.97,4.74,5.59,10.933,14.197,14.954,14.96,14.963,15.992,0.757,0.76,0.766,4833.0,13899.33,27539.0,15673.0,77652.67,198291.0,4,4.0,4,16,16.0,16,4,16,11.15,2.17
12,1,,,,,,,0,0,56,23,59.2,2745,10801,32,0,62.6,79.4;78.4;94.0;89.0;86.4;91.0;95.0;96.5;89.0;89.4;97.0;95.0;59.8;57.8;21.1;22.6;43.7;42.0;14.6;20.1;39.7;38.0;30.7;30.0,36.79,0.08,0.04,5.05,14.963,0.766,4541.0,34521.0,4,16,,,,,,,,,,,,,,,,,,,,,,,,,,,,,,,,,,,,,,,,,,,,,,,,,,,,,,,,,,,,,
12,2,,,,,,,100,99,64,20,229.8,2745,10801,32,0,24.7,26.3;15.2;30.2;33.4;17.4;20.3;69.5;56.3;40.4;40.8;70.5;57.2;14.5;11.8;6.9;7.1;12.7;11.5;4.2;4.7;11.8;10.6;10.3;10.0,36.75,0.08,0.09,7.0,14.954,0.757,29052.0,14892.0,4,16,,,,,,,,,,,,,,,,,,,,,,,,,,,,,,,,,,,,,,,,,,,,,,,,,,,,,,,,,,,,,
12,3,,,,,,,100,76,65,17,232.9,2745,10801,32,0,7.2,11.7;1.1;3.8;3.0;1.9;1.4;29.3;47.0;7.7;4.1;26.4;28.8;0.8;1.6;0.0;0.3;0.0;0.5;0.0;0.0;0.0;0.3;0.5;1.1,36.71,0.08,1.06,4.77,14.958,0.761,57568.0,105517.0,4,16,,,,,,,,,,,,,,,,,,,,,,,,,,,,,,,,,,,,,,,,,,,,,,,,,,,,,,,,,,,,,
12,summary,0.49929377294265803,0.9437312072566003,0.463976233826754,0.9567303782025214,0.00099983,15.0,,,,,,,,,,,,,,,,,,,,,,0,66.67,100,0,58.33,99,56,61.67,65,17,20.0,23,59.2,173.97,232.9,2745.0,10801.0,32.0,0,7.2,31.5,62.6,36.71,36.75,36.79,63.16,0.08,0.08,0.08,20.06,0.04,0.4,1.06,4.77,5.61,7.0,10.929,14.197,14.954,14.96,14.963,15.992,0.757,0.76,0.766,4541.0,30387.0,57568.0,14892.0,51643.33,105517.0,4,4.0,4,16,16.0,16,4,16,11.28,1.92
13,1,,,,,,,0,0,56,28,73.3,2745,10801,32,0,62.1,83.6;83.1;89.3;89.3;85.9;88.9;93.7;92.7;85.0;88.4;95.6;91.7;60.9;58.0;21.8;21.4;46.6;46.2;12.6;13.1;30.8;38.8;37.2;35.0,36.8,0.08,0.0,5.06,14.963,0.766,7763.0,27929.0,4,16,,,,,,,,,,,,,,,,,,,,,,,,,,,,,,,,,,,,,,,,,,,,,,,,,,,,,,,,,,,,,
13,2,,,,,,,100,98,61,20,230.7,2745,10801,33,0,23.1,23.9;14.0;25.1;24.1;20.7;14.9;69.6;53.3;33.7;38.6;75.7;49.6;12.0;12.5;7.9;5.1;12.3;12.3;4.1;2.9;11.1;11.6;8.7;10.6,36.74,0.08,0.13,6.79,14.963,0.766,8593.0,26611.0,4,16,,,,,,,,,,,,,,,,,,,,,,,,,,,,,,,,,,,,,,,,,,,,,,,,,,,,,,,,,,,,,
13,3,,,,,,,100,98,64,17,230.9,2745,10801,32,0,7.1,14.3;1.1;2.2;2.5;1.4;0.6;36.9;29.7;5.6;4.5;32.5;36.2;0.3;0.3;0.0;0.0;0.0;0.0;0.0;0.0;0.8;0.8;0.0;0.0,36.68,0.07,0.52,4.67,14.963,0.766,63525.0,11816.0,4,16,,,,,,,,,,,,,,,,,,,,,,,,,,,,,,,,,,,,,,,,,,,,,,,,,,,,,,,,,,,,,
13,summary,0.4933067394670476,0.9461639480728243,0.46196698730871316,0.9586417242781619,0.00099954,15.1,,,,,,,,,,,,,,,,,,,,,,0,66.67,100,0,65.33,98,56,60.33,64,17,21.67,28,73.3,178.3,230.9,2745.0,10801.0,32.3,0,7.1,30.77,62.1,36.68,36.74,36.8,63.16,0.07,0.08,0.08,20.06,0.0,0.22,0.52,4.67,5.51,6.79,10.931,14.197,14.963,14.96,14.963,15.992,0.766,0.77,0.766,7763.0,26627.0,63525.0,11816.0,22118.67,27929.0,4,4.0,4,16,16.0,16,4,16,11.2,2.15
14,1,,,,,,,0,0,60,28,59.1,2745,10801,32,0,61.3,80.1;79.2;91.4;88.3;87.3;88.8;97.4;97.4;90.8;90.4;98.5;94.9;52.8;53.8;15.7;18.8;46.2;45.2;9.1;11.7;35.7;36.0;30.5;33.0,36.77,0.07,0.03,5.32,14.963,0.766,11279.0,9472.0,4,16,,,,,,,,,,,,,,,,,,,,,,,,,,,,,,,,,,,,,,,,,,,,,,,,,,,,,,,,,,,,,
14,2,,,,,,,96,90,68,20,229.7,2745,10801,33,0,24.6,23.1;15.9;28.1;26.1;17.7;22.1;60.0;65.0;39.6;44.7;57.5;69.2;14.3;14.0;6.1;6.1;12.3;14.0;5.4;4.7;11.2;11.5;9.8;10.5,36.72,0.07,0.07,6.92,14.963,0.766,30664.0,12500.0,4,16,,,,,,,,,,,,,,,,,,,,,,,,,,,,,,,,,,,,,,,,,,,,,,,,,,,,,,,,,,,,,
14,3,,,,,,,100,67,64,19,232.9,2745,10801,33,0,6.6,11.3;0.6;1.4;2.2;0.8;1.1;30.4;50.6;6.1;3.6;19.6;25.9;1.1;0.8;0.0;0.0;0.3;0.3;0.0;0.0;0.6;0.0;0.0;0.0,36.69,0.07,0.0,4.63,14.963,0.766,21386.0,139208.0,4,16,,,,,,,,,,,,,,,,,,,,,,,,,,,,,,,,,,,,,,,,,,,,,,,,,,,,,,,,,,,,,
14,summary,0.4855632671284232,0.9479795334017467,0.46773450270373923,0.9523790158601058,0.00099912,14.9,,,,,,,,,,,,,,,,,,,,,,0,65.33,100,0,52.33,90,60,64.0,68,19,22.33,28,59.1,173.9,232.9,2745.0,10801.0,32.7,0,6.6,30.83,61.3,36.69,36.73,36.77,63.16,0.07,0.07,0.07,20.06,0.0,0.03,0.07,4.63,5.62,6.92,10.931,14.197,14.963,14.96,14.963,15.992,0.766,0.77,0.766,11279.0,21109.67,30664.0,9472.0,53726.67,139208.0,4,4.0,4,16,16.0,16,4,16,11.28,1.9
15,1,,,,,,,0,0,56,28,59.7,2745,10801,33,0,62.9,71.9;79.8;91.4;89.9;78.9;84.4;93.9;96.0;85.9;92.4;95.5;99.0;51.5;52.8;32.5;29.6;46.5;45.8;20.2;21.2;41.0;45.5;35.1;33.3,36.74,0.07,0.02,4.66,14.963,0.766,5419.0,15478.0,4,16,,,,,,,,,,,,,,,,,,,,,,,,,,,,,,,,,,,,,,,,,,,,,,,,,,,,,,,,,,,,,
15,2,,,,,,,100,71,65,18,231.0,2745,10801,33,0,23.5,23.3;15.0;23.5;27.3;18.4;16.7;58.2;68.7;38.9;36.3;55.1;70.9;13.3;12.8;5.9;6.4;11.5;11.5;4.4;4.7;11.0;10.6;8.4;9.3,36.71,0.07,0.02,5.55,14.958,0.761,42431.0,304443.0,4,16,,,,,,,,,,,,,,,,,,,,,,,,,,,,,,,,,,,,,,,,,,,,,,,,,,,,,,,,,,,,,
15,3,,,,,,,100,84,64,18,231.6,2745,10801,33,0,6.3,11.9;0.5;0.5;1.4;0.5;0.0;48.2;23.2;3.0;3.6;21.1;33.7;0.8;0.5;0.0;0.0;0.5;0.3;0.3;0.5;0.0;0.0;0.0;0.0,36.68,0.07,0.01,4.06,14.958,0.761,4687.0,200927.0,4,16,,,,,,,,,,,,,,,,,,,,,,,,,,,,,,,,,,,,,,,,,,,,,,,,,,,,,,,,,,,,,
15,summary,0.48332538906329015,0.9480369432145189,0.46574211892872236,0.9569337128914193,0.00099856,15.0,,,,,,,,,,,,,,,,,,,,,,0,66.67,100,0,51.67,84,56,61.67,65,18,21.33,28,59.7,174.1,231.6,2745.0,10801.0,33.0,0,6.3,30.9,62.9,36.68,36.71,36.74,63.16,0.07,0.07,0.07,20.06,0.01,0.02,0.02,4.06,4.76,5.55,10.931,14.197,14.958,14.96,14.963,15.992,0.761,0.76,0.766,4687.0,17512.33,42431.0,15478.0,173616.0,304443.0,4,4.0,4,16,16.0,16,4,16,11.17,2.15
16,1,,,,,,,0,0,56,28,75.7,2745,10801,33,0,63.4,75.0;83.8;93.4;93.4;87.9;85.9;95.5;97.5;90.9;93.5;96.0;97.5;60.8;59.1;20.7;18.2;50.3;49.5;12.6;12.1;41.7;42.2;31.8;30.8,36.76,0.07,0.0,4.26,14.963,0.766,4785.0,29394.0,4,16,,,,,,,,,,,,,,,,,,,,,,,,,,,,,,,,,,,,,,,,,,,,,,,,,,,,,,,,,,,,,
16,2,,,,,,,100,93,66,20,230.8,2745,10801,33,0,24.2,27.3;15.8;25.5;26.6;22.0;18.3;62.9;65.7;38.0;35.1;57.5;66.7;12.2;13.6;8.3;7.6;11.7;11.5;6.3;5.9;10.7;11.2;8.8;10.0,36.7,0.07,0.05,5.78,14.958,0.761,5761.0,35058.0,4,16,,,,,,,,,,,,,,,,,,,,,,,,,,,,,,,,,,,,,,,,,,,,,,,,,,,,,,,,,,,,,
16,3,,,,,,,96,80,67,19,231.3,2745,10801,33,0,7.3,13.8;1.1;4.7;1.4;1.7;1.9;30.2;33.2;6.6;4.7;42.9;26.9;1.1;0.3;0.3;0.0;1.1;0.3;0.0;0.3;1.1;0.3;0.6;0.6,36.67,0.07,0.03,4.2,14.963,0.766,73974.0,1416.0,4,16,,,,,,,,,,,,,,,,,,,,,,,,,,,,,,,,,,,,,,,,,,,,,,,,,,,,,,,,,,,,,
16,summary,0.47962023052178854,0.9493286640018945,0.45873622410469006,0.9598210654737698,0.00099786,15.0,,,,,,,,,,,,,,,,,,,,,,0,65.33,100,0,57.67,93,56,63.0,67,19,22.33,28,75.7,179.27,231.3,2745.0,10801.0,33.0,0,7.3,31.63,63.4,36.67,36.71,36.76,63.16,0.07,0.07,0.07,20.06,0.0,0.03,0.05,4.2,4.75,5.78,10.931,14.197,14.958,14.96,14.963,15.992,0.761,0.76,0.766,4785.0,28173.33,73974.0,1416.0,21956.0,35058.0,4,4.0,4,16,16.0,16,4,16,11.34,1.92
17,1,,,,,,,0,0,56,21,59.0,2745,10801,33,0,62.9,81.4;82.6;90.6;94.0;86.1;88.1;99.0;93.0;90.0;91.6;93.1;96.0;54.7;54.7;21.9;23.4;42.8;45.5;17.4;18.4;36.8;42.3;32.8;32.2,36.78,0.07,0.0,5.46,14.963,0.766,26171.0,12646.0,4,16,,,,,,,,,,,,,,,,,,,,,,,,,,,,,,,,,,,,,,,,,,,,,,,,,,,,,,,,,,,,,
17,2,,,,,,,96,90,67,18,229.7,2745,10801,33,0,24.6,25.5;15.9;26.5;28.6;21.5;23.0;64.2;55.6;37.5;44.0;71.6;57.6;12.5;11.8;7.8;7.1;12.7;13.0;3.9;5.1;12.0;12.5;7.8;11.0,36.7,0.07,0.03,6.49,14.963,0.766,7275.0,32080.0,4,16,,,,,,,,,,,,,,,,,,,,,,,,,,,,,,,,,,,,,,,,,,,,,,,,,,,,,,,,,,,,,
17,3,,,,,,,96,90,68,18,230.0,2745,10801,33,0,6.5,10.9;0.3;1.9;1.9;0.3;0.8;26.4;33.5;4.6;3.8;35.1;34.3;0.3;0.3;0.0;0.0;0.3;0.0;0.3;0.5;0.5;0.0;0.0;0.0,36.68,0.07,0.01,5.64,14.963,0.766,49218.0,285937.0,4,16,,,,,,,,,,,,,,,,,,,,,,,,,,,,,,,,,,,,,,,,,,,,,,,,,,,,,,,,,,,,,
17,summary,0.4722275490236364,0.9522637406798757,0.4593874587960338,0.9571370475803173,0.00099703,15.1,,,,,,,,,,,,,,,,,,,,,,0,64.0,96,0,60.0,90,56,63.67,68,18,19.0,21,59.0,172.9,230.0,2745.0,10801.0,33.0,0,6.5,31.33,62.9,36.68,36.72,36.78,63.16,0.07,0.07,0.07,20.06,0.0,0.01,0.03,5.46,5.86,6.49,10.931,14.197,14.963,14.96,14.963,15.992,0.766,0.77,0.766,7275.0,27554.67,49218.0,12646.0,110221.0,285937.0,4,4.0,4,16,16.0,16,4,16,11.2,2.15
18,1,,,,,,,0,0,57,25,64.4,2745,10801,33,0,63.2,84.4;83.7;94.6;93.1;89.7;89.2;96.6;96.1;95.1;90.1;98.5;95.1;64.7;59.6;13.3;18.1;49.8;52.0;6.9;8.3;34.0;39.4;33.5;32.4,36.74,0.07,0.03,4.66,14.963,0.766,40136.0,52587.0,4,16,,,,,,,,,,,,,,,,,,,,,,,,,,,,,,,,,,,,,,,,,,,,,,,,,,,,,,,,,,,,,
18,2,,,,,,,97,89,66,19,229.4,2745,10801,34,0,23.3,22.6;14.0;29.2;24.0;18.9;17.6;68.8;59.7;36.1;40.0;72.8;53.4;13.8;13.0;5.4;4.9;11.0;11.3;3.2;2.5;10.3;11.1;6.1;9.8,36.7,0.07,0.02,5.5,14.963,0.766,25341.0,36279.0,4,16,,,,,,,,,,,,,,,,,,,,,,,,,,,,,,,,,,,,,,,,,,,,,,,,,,,,,,,,,,,,,
18,3,,,,,,,100,69,65,20,232.8,2745,10801,33,0,6.9,12.6;1.4;1.9;1.9;0.8;0.8;26.7;36.3;5.0;4.2;31.8;37.9;0.3;0.0;0.0;0.3;0.6;0.0;0.0;0.0;0.0;0.3;0.8;1.1,36.68,0.07,0.01,4.12,14.958,0.761,21044.0,131787.0,4,16,,,,,,,,,,,,,,,,,,,,,,,,,,,,,,,,,,,,,,,,,,,,,,,,,,,,,,,,,,,,,
18,summary,0.46925846589849557,0.9533832320289345,0.46182478022507506,0.9536803578690525,0.00099606,15.0,,,,,,,,,,,,,,,,,,,,,,0,65.67,100,0,52.67,89,57,62.67,66,19,21.33,25,64.4,175.53,232.8,2745.0,10801.0,33.3,0,6.9,31.13,63.2,36.68,36.71,36.74,63.16,0.07,0.07,0.07,20.06,0.01,0.02,0.03,4.12,4.76,5.5,10.93,14.197,14.958,14.96,14.963,15.992,0.761,0.76,0.766,21044.0,28840.33,40136.0,36279.0,73551.0,131787.0,4,4.0,4,16,16.0,16,4,16,11.43,1.88
19,1,,,,,,,0,0,57,21,75.5,2745,10801,33,0,63.1,84.2;84.4;91.9;89.9;85.4;86.4;98.0;96.5;91.0;89.9;98.0;95.5;52.5;58.6;22.6;25.8;46.3;52.0;14.1;10.6;37.0;38.9;32.7;31.3,36.73,0.07,0.0,4.32,14.963,0.766,8642.0,198339.0,4,16,,,,,,,,,,,,,,,,,,,,,,,,,,,,,,,,,,,,,,,,,,,,,,,,,,,,,,,,,,,,,
19,2,,,,,,,100,67,65,19,232.0,2745,10801,34,0,23.1,25.5;15.4;25.0;29.9;16.3;19.4;54.8;71.8;33.6;38.0;62.3;58.9;11.8;14.0;5.4;5.1;11.5;12.0;2.7;2.9;12.8;10.8;6.9;8.3,36.66,0.07,0.01,5.6,14.958,0.761,20800.0,15136.0,4,16,,,,,,,,,,,,,,,,,,,,,,,,,,,,,,,,,,,,,,,,,,,,,,,,,,,,,,,,,,,,,
19,3,,,,,,,100,72,65,19,231.5,2745,10801,33,0,6.6,13.5;0.5;1.4;1.1;0.0;0.8;30.5;39.3;6.3;2.2;36.6;23.2;0.5;0.5;0.3;0.0;0.0;0.0;0.0;0.0;0.5;0.5;0.0;0.0,36.66,0.07,0.02,4.13,14.954,0.757,4736.0,203613.0,4,16,,,,,,,,,,,,,,,,,,,,,,,,,,,,,,,,,,,,,,,,,,,,,,,,,,,,,,,,,,,,,
19,summary,0.4694374403225271,0.952443146344789,0.4548163142108297,0.9593330622204148,0.00099495,15.1,,,,,,,,,,,,,,,,,,,,,,0,66.67,100,0,46.33,72,57,62.33,65,19,19.67,21,75.5,179.67,232.0,2745.0,10801.0,33.3,0,6.6,30.93,63.1,36.66,36.68,36.73,63.16,0.07,0.07,0.07,20.06,0.0,0.01,0.02,4.13,4.68,5.6,10.93,14.197,14.954,14.96,14.963,15.992,0.757,0.76,0.766,4736.0,11392.67,20800.0,15136.0,139029.33,203613.0,4,4.0,4,16,16.0,16,4,16,11.2,2.16
20,1,,,,,,,0,0,56,28,54.7,1440,5001,33,0,63.4,76.5;82.9;93.5;92.0;83.1;86.4;96.5;96.0;81.5;87.5;95.0;98.0;60.0;56.3;21.6;18.6;46.5;48.7;20.6;21.1;46.2;44.2;37.2;31.7,36.77,0.07,0.04,5.02,14.963,0.766,3125.0,16113.0,4,16,,,,,,,,,,,,,,,,,,,,,,,,,,,,,,,,,,,,,,,,,,,,,,,,,,,,,,,,,,,,,
20,2,,,,,,,96,81,67,20,232.0,2745,10801,33,0,24.5,25.9;15.4;28.1;23.6;18.6;19.4;53.4;80.9;41.8;39.5;52.6;72.0;14.5;13.7;7.7;5.6;10.6;12.5;3.6;4.1;12.0;12.3;8.7;11.1,36.7,0.07,0.01,6.63,14.954,0.757,5468.0,48144.0,4,16,,,,,,,,,,,,,,,,,,,,,,,,,,,,,,,,,,,,,,,,,,,,,,,,,,,,,,,,,,,,,
20,3,,,,,,,96,90,64,18,230.4,2745,10801,34,0,6.6,14.0;1.7;3.3;1.1;0.8;0.3;33.0;27.1;3.9;2.5;40.2;28.3;0.0;0.6;0.0;0.0;0.0;0.3;0.0;0.3;1.6;0.0;0.0;0.3,36.67,0.07,0.02,4.7,14.954,0.757,4931.0,197802.0,4,16,,,,,,,,,,,,,,,,,,,,,,,,,,,,,,,,,,,,,,,,,,,,,,,,,,,,,,,,,,,,,
20,summary,0.46472702150735834,0.9541080309151841,0.4596853705575283,0.9577877185847906,0.00099371,15.1,,,,,,,,,,,,,,,,,,,,,,0,64.0,96,0,57.0,90,56,62.33,67,18,22.0,28,54.7,172.37,232.0,2310.0,8867.7,33.3,0,6.6,31.5,63.4,36.67,36.71,36.77,63.16,0.07,0.07,0.07,20.06,0.01,0.02,0.04,4.7,5.45,6.63,10.927,14.197,14.954,14.96,14.963,15.992,0.757,0.76,0.766,3125.0,4508.0,5468.0,16113.0,87353.0,197802.0,4,4.0,4,16,16.0,16,4,16,11.45,1.9
21,1,,,,,,,0,0,57,22,76.2,2745,10801,33,0,61.7,80.4;85.1;88.6;90.6;83.7;86.1;96.0;93.6;87.2;89.1;93.6;98.0;58.4;64.4;12.8;18.3;43.3;48.8;10.4;10.9;40.6;39.1;28.7;33.5,36.73,0.07,0.03,4.63,14.963,0.766,24560.0,20117.0,4,16,,,,,,,,,,,,,,,,,,,,,,,,,,,,,,,,,,,,,,,,,,,,,,,,,,,,,,,,,,,,,
21,2,,,,,,,97,88,65,20,229.8,2730,10801,34,0,24.0,24.8;15.2;26.2;28.4;19.4;20.1;60.6;62.5;29.3;43.1;65.7;62.6;12.5;13.0;5.9;7.4;12.5;13.5;4.4;5.7;11.5;12.5;9.8;9.3,36.69,0.07,0.01,6.26,14.954,0.757,41210.0,14062.0,4,16,,,,,,,,,,,,,,,,,,,,,,,,,,,,,,,,,,,,,,,,,,,,,,,,,,,,,,,,,,,,,
21,3,,,,,,,96,90,65,20,230.5,2730,10801,33,0,7.0,12.4;2.2;2.2;1.4;0.5;1.1;34.1;23.4;4.1;4.6;47.3;27.0;0.0;0.3;0.3;0.3;0.3;0.3;0.5;0.3;0.5;0.0;2.4;3.2,36.66,0.07,0.09,4.81,14.963,0.766,32470.0,86035.0,4,16,,,,,,,,,,,,,,,,,,,,,,,,,,,,,,,,,,,,,,,,,,,,,,,,,,,,,,,,,,,,,
21,summary,0.46299677685718305,0.9545529569641691,0.455258295758074,0.9613257421716145,0.00099233,15.0,,,,,,,,,,,,,,,,,,,,,,0,64.33,97,0,59.33,90,57,62.33,65,20,20.67,22,76.2,178.83,230.5,2735.0,10801.0,33.3,0,7.0,30.9,61.7,36.66,36.69,36.73,63.16,0.07,0.07,0.07,20.06,0.01,0.04,0.09,4.63,5.23,6.26,10.932,14.197,14.954,14.96,14.963,15.992,0.757,0.76,0.766,24560.0,32746.67,41210.0,14062.0,40071.33,86035.0,4,4.0,4,16,16.0,16,4,16,11.13,2.19
22,1,,,,,,,0,0,57,24,59.9,2745,10801,34,0,62.8,81.9;88.3;95.4;91.4;84.3;87.9;98.5;95.0;90.4;94.4;96.0;97.5;55.3;54.8;23.2;23.9;43.7;46.7;14.7;16.2;37.6;35.0;23.4;31.5,36.75,0.07,0.01,4.33,14.963,0.766,28076.0,10205.0,4,16,,,,,,,,,,,,,,,,,,,,,,,,,,,,,,,,,,,,,,,,,,,,,,,,,,,,,,,,,,,,,
22,2,,,,,,,96,77,65,19,232.2,2745,10801,34,0,24.0,23.4;14.9;27.9;29.4;19.9;19.4;77.5;55.2;35.0;42.8;58.5;51.5;13.7;12.3;7.4;9.1;8.8;12.0;6.9;6.9;9.6;12.7;9.1;10.5,36.68,0.07,0.01,5.66,14.954,0.757,9472.0,12060.0,4,16,,,,,,,,,,,,,,,,,,,,,,,,,,,,,,,,,,,,,,,,,,,,,,,,,,,,,,,,,,,,,
22,3,,,,,,,100,78,67,17,231.0,2745,10801,33,0,6.7,11.8;0.6;1.7;1.9;1.1;1.1;17.2;50.6;5.0;2.5;33.9;29.9;0.6;0.3;0.0;0.3;0.3;0.3;0.0;0.0;1.4;0.3;0.6;0.3,36.67,0.07,0.05,4.27,14.963,0.766,22753.0,197851.0,4,16,,,,,,,,,,,,,,,,,,,,,,,,,,,,,,,,,,,,,,,,,,,,,,,,,,,,,,,,,,,,,
22,summary,0.4589306401701606,0.955579157367473,0.45971136175795946,0.9548596990646604,0.00099082,14.9,,,,,,,,,,,,,,,,,,,,,,0,65.33,100,0,51.67,78,57,63.0,67,17,20.0,24,59.9,174.37,232.2,2745.0,10801.0,33.7,0,6.7,31.17,62.8,36.67,36.7,36.75,63.16,0.07,0.07,0.07,20.06,0.01,0.02,0.05,4.27,4.75,5.66,10.932,14.197,14.954,14.96,14.963,15.992,0.757,0.76,0.766,9472.0,20100.33,28076.0,10205.0,73372.0,197851.0,4,4.0,4,16,16.0,16,4,16,11.3,1.93
23,1,,,,,,,0,0,56,26,54.8,1605,5001,34,0,63.7,78.8;82.7;94.9;94.4;89.8;89.4;91.4;98.0;92.4;91.9;98.5;94.9;56.6;58.4;17.3;25.9;45.2;51.8;12.7;13.2;39.6;43.7;31.8;34.3,36.73,0.07,0.03,4.42,14.963,0.766,19335.0,148144.0,4,16,,,,,,,,,,,,,,,,,,,,,,,,,,,,,,,,,,,,,,,,,,,,,,,,,,,,,,,,,,,,,
23,2,,,,,,,100,76,66,19,230.8,2730,10801,34,0,23.6,23.6;14.1;25.7;30.5;18.6;15.0;65.5;53.7;36.5;38.0;73.4;58.5;12.4;12.4;5.6;6.3;11.7;12.4;4.9;5.1;10.7;12.4;9.5;10.4,36.68,0.07,0.0,5.59,14.958,0.761,25537.0,12207.0,4,16,,,,,,,,,,,,,,,,,,,,,,,,,,,,,,,,,,,,,,,,,,,,,,,,,,,,,,,,,,,,,
23,3,,,,,,,100,88,67,19,221.0,2730,10801,34,0,6.6,13.1;0.0;2.5;1.9;0.5;1.1;26.8;40.3;2.7;5.2;27.6;32.4;0.3;0.3;0.0;0.0;0.0;0.3;0.3;0.0;1.1;0.3;0.0;0.3,36.68,0.07,0.04,3.92,14.963,0.766,32812.0,127783.0,4,16,,,,,,,,,,,,,,,,,,,,,,,,,,,,,,,,,,,,,,,,,,,,,,,,,,,,,,,,,,,,,
23,summary,0.4556564397323466,0.958241537434786,0.450799451857478,0.9629930866205775,0.00098917,15.1,,,,,,,,,,,,,,,,,,,,,,0,66.67,100,0,54.67,88,56,63.0,67,19,21.33,26,54.8,168.87,230.8,2355.0,8867.7,34.0,0,6.6,31.3,63.7,36.68,36.7,36.73,63.16,0.07,0.07,0.07,20.06,0.0,0.02,0.04,3.92,4.64,5.59,10.932,14.197,14.958,14.96,14.963,15.992,0.761,0.76,0.766,19335.0,25894.67,32812.0,12207.0,96044.67,148144.0,4,4.0,4,16,16.0,16,4,16,11.25,2.12
24,1,,,,,,,0,0,57,27,76.1,2745,10801,34,0,63.2,82.4;79.1;88.6;93.1;86.7;89.1;93.1;97.5;89.6;90.0;97.0;93.5;59.2;57.7;22.4;28.4;42.1;52.0;13.9;12.9;36.3;40.8;32.7;36.8,36.77,0.07,0.02,6.66,14.963,0.766,20898.0,9130.0,4,16,,,,,,,,,,,,,,,,,,,,,,,,,,,,,,,,,,,,,,,,,,,,,,,,,,,,,,,,,,,,,
24,2,,,,,,,100,69,66,20,233.7,2730,10801,34,0,23.4,22.3;12.9;22.5;26.0;15.5;20.4;61.2;63.8;36.4;42.9;55.4;71.1;10.9;12.8;6.3;7.3;12.3;12.1;5.1;5.6;10.9;10.2;7.8;9.5,36.71,0.07,0.03,5.49,14.958,0.761,6884.0,38085.0,4,16,,,,,,,,,,,,,,,,,,,,,,,,,,,,,,,,,,,,,,,,,,,,,,,,,,,,,,,,,,,,,
24,3,,,,,,,100,97,66,18,230.8,2730,10801,34,0,6.6,14.5;0.3;1.9;1.9;0.3;0.3;29.4;32.7;3.0;5.2;39.1;26.9;0.6;0.0;0.0;0.6;0.0;0.6;0.0;0.0;1.1;0.0;0.6;0.0,36.69,0.07,0.03,6.11,14.963,0.766,16064.0,199658.0,4,16,,,,,,,,,,,,,,,,,,,,,,,,,,,,,,,,,,,,,,,,,,,,,,,,,,,,,,,,,,,,,
24,summary,0.45482258281988086,0.9570072264601827,0.4648618131839633,0.9540463603090688,0.00098739,15.0,,,,,,,,,,,,,,,,,,,,,,0,66.67,100,0,55.33,97,57,63.0,66,18,21.67,27,76.1,180.2,233.7,2735.0,10801.0,34.0,0,6.6,31.07,63.2,36.69,36.72,36.77,63.16,0.07,0.07,0.07,20.06,0.02,0.03,0.03,5.49,6.09,6.66,10.928,14.197,14.958,14.96,14.963,15.992,0.761,0.76,0.766,6884.0,14615.33,20898.0,9130.0,82291.0,199658.0,4,4.0,4,16,16.0,16,4,16,11.45,1.88
25,1,,,,,,,0,0,57,27,59.7,2745,10801,34,0,63.1,77.9;80.5;91.4;93.4;85.9;86.4;97.0;96.0;88.3;89.8;96.4;96.4;52.5;55.3;23.6;23.2;42.2;49.0;18.7;22.6;39.4;46.0;31.2;32.7,36.74,0.07,0.03,4.76,14.963,0.766,27734.0,157763.0,4,16,,,,,,,,,,,,,,,,,,,,,,,,,,,,,,,,,,,,,,,,,,,,,,,,,,,,,,,,,,,,,
25,2,,,,,,,97,90,64,17,229.8,2730,10801,34,0,24.0,27.2;16.0;26.7;27.7;19.4;18.2;54.8;68.9;35.8;36.5;56.8;68.1;14.3;12.6;7.6;6.7;12.1;12.1;4.7;5.2;12.0;11.8;9.1;11.1,36.68,0.07,0.01,4.71,14.958,0.761,10351.0,15380.0,4,16,,,,,,,,,,,,,,,,,,,,,,,,,,,,,,,,,,,,,,,,,,,,,,,,,,,,,,,,,,,,,
25,3,,,,,,,99,67,68,21,232.7,2730,10801,34,0,6.6,11.0;1.9;1.9;1.6;1.1;1.1;34.3;29.8;4.3;4.0;32.4;32.4;0.0;0.0;0.3;0.3;0.0;0.0;0.0;0.0;0.0;0.3;0.0;1.3,36.67,0.07,0.01,5.04,14.963,0.766,0.0,1806.0,4,16,,,,,,,,,,,,,,,,,,,,,,,,,,,,,,,,,,,,,,,,,,,,,,,,,,,,,,,,,,,,,
25,summary,0.45360025539784116,0.9576315581740809,0.4561626941801911,0.9596990646604311,0.00098547,15.1,,,,,,,,,,,,,,,,,,,,,,0,65.33,99,0,52.33,90,57,63.0,68,17,21.67,27,59.7,174.07,232.7,2735.0,10801.0,34.0,0,6.6,31.23,63.1,36.67,36.7,36.74,63.16,0.07,0.07,0.07,20.06,0.01,0.02,0.03,4.71,4.84,5.04,10.928,14.197,14.958,14.96,14.963,15.992,0.761,0.76,0.766,0.0,12695.0,27734.0,1806.0,58316.33,157763.0,4,4.0,4,16,16.0,16,4,16,11.3,2.09
26,1,,,,,,,0,0,57,21,75.8,2745,10801,34,0,63.2,80.7;85.4;93.9;93.4;87.3;89.8;95.4;98.5;86.9;90.3;94.4;97.4;56.3;59.4;18.8;20.0;47.7;45.7;12.7;11.7;42.4;43.1;28.4;39.4,36.72,0.07,0.03,4.4,14.963,0.766,8837.0,10449.0,4,16,,,,,,,,,,,,,,,,,,,,,,,,,,,,,,,,,,,,,,,,,,,,,,,,,,,,,,,,,,,,,
26,2,,,,,,,97,91,65,20,229.3,2745,10801,34,0,24.4,28.3;15.0;25.8;28.9;19.1;20.5;55.4;65.0;37.3;35.1;62.1;70.8;13.0;12.7;7.1;7.9;11.1;11.3;6.9;6.1;12.0;12.2;10.3;10.6,36.68,0.07,0.01,5.68,14.954,0.757,20703.0,15039.0,4,16,,,,,,,,,,,,,,,,,,,,,,,,,,,,,,,,,,,,,,,,,,,,,,,,,,,,,,,,,,,,,
26,3,,,,,,,100,69,67,17,233.3,2745,10801,34,0,7.0,13.1;1.4;1.9;2.2;1.1;1.4;34.1;31.8;4.4;6.4;31.1;32.1;1.1;0.8;0.6;0.0;0.3;0.0;0.3;0.0;2.2;0.8;0.0;0.3,36.67,0.07,0.01,4.09,14.963,0.766,22656.0,179541.0,4,16,,,,,,,,,,,,,,,,,,,,,,,,,,,,,,,,,,,,,,,,,,,,,,,,,,,,,,,,,,,,,
26,summary,0.44933185420823935,0.958930455188053,0.46289690536616923,0.9562017080113867,0.00098342,14.9,,,,,,,,,,,,,,,,,,,,,,0,65.67,100,0,53.33,91,57,63.0,67,17,19.33,21,75.8,179.47,233.3,2745.0,10801.0,34.0,0,7.0,31.53,63.2,36.67,36.69,36.72,63.16,0.07,0.07,0.07,20.06,0.01,0.02,0.03,4.09,4.72,5.68,10.929,14.197,14.954,14.96,14.963,15.992,0.757,0.76,0.766,8837.0,17398.67,22656.0,10449.0,68343.0,179541.0,4,4.0,4,16,16.0,16,4,16,11.28,1.94
27,1,,,,,,,0,0,57,28,76.6,2745,10801,34,0,63.3,86.1;90.0;94.5;94.5;83.6;87.1;99.5;96.5;88.1;93.0;97.0;97.5;50.0;51.5;23.4;22.0;45.0;43.8;16.3;18.7;40.8;42.0;28.5;32.0,36.71,0.07,0.03,4.34,14.963,0.766,22998.0,9912.0,4,16,,,,,,,,,,,,,,,,,,,,,,,,,,,,,,,,,,,,,,,,,,,,,,,,,,,,,,,,,,,,,
27,2,,,,,,,96,88,66,18,229.7,2730,10801,34,0,23.5,23.5;14.2;24.5;22.9;15.4;18.1;68.0;54.0;38.0;36.9;70.4;64.8;13.0;12.5;7.2;8.3;11.6;11.3;2.9;5.4;10.1;11.1;9.2;9.9,36.67,0.07,0.01,5.56,14.958,0.761,30273.0,20996.0,4,16,,,,,,,,,,,,,,,,,,,,,,,,,,,,,,,,,,,,,,,,,,,,,,,,,,,,,,,,,,,,,
27,3,,,,,,,100,69,67,20,233.3,2730,10801,34,0,7.1,15.9;1.9;2.5;1.1;1.1;0.6;22.4;46.0;3.9;6.1;22.9;40.1;0.3;0.3;0.0;0.0;0.0;0.0;0.3;0.3;2.2;0.6;0.0;0.6,36.67,0.07,0.01,4.15,14.963,0.766,66796.0,108154.0,4,16,,,,,,,,,,,,,,,,,,,,,,,,,,,,,,,,,,,,,,,,,,,,,,,,,,,,,,,,,,,,,
27,summary,0.4471183619232881,0.960659925797817,0.45636271908788384,0.9596583977226515,0.00098124,15.1,,,,,,,,,,,,,,,,,,,,,,0,65.33,100,0,52.33,88,57,63.33,67,18,22.0,28,76.6,179.87,233.3,2735.0,10801.0,34.0,0,7.1,31.3,63.3,36.67,36.68,36.71,63.16,0.07,0.07,0.07,20.06,0.01,0.02,0.03,4.15,4.68,5.56,10.929,14.197,14.958,14.96,14.963,15.992,0.761,0.76,0.766,22998.0,40022.33,66796.0,9912.0,46354.0,108154.0,4,4.0,4,16,16.0,16,4,16,11.46,1.92
28,1,,,,,,,0,0,57,25,59.8,2745,10801,34,0,63.8,83.7;83.9;95.0;93.0;74.5;88.9;96.0;95.0;90.5;92.0;98.0;99.5;52.5;55.8;20.5;23.0;50.2;57.8;18.1;18.6;36.8;40.2;32.2;35.7,36.74,0.07,0.0,4.25,14.963,0.766,51806.0,9277.0,4,16,,,,,,,,,,,,,,,,,,,,,,,,,,,,,,,,,,,,,,,,,,,,,,,,,,,,,,,,,,,,,
28,2,,,,,,,96,89,67,19,229.4,2730,10801,34,0,24.2,27.1;16.2;25.1;27.5;19.4;20.5;75.0;59.6;33.7;38.7;66.8;55.5;10.3;11.5;7.4;9.2;10.5;10.5;7.0;8.1;10.5;10.0;8.9;11.0,36.67,0.07,0.02,5.61,14.958,0.761,28027.0,44873.0,4,16,,,,,,,,,,,,,,,,,,,,,,,,,,,,,,,,,,,,,,,,,,,,,,,,,,,,,,,,,,,,,
28,3,,,,,,,100,68,67,18,232.9,2730,10801,34,0,6.8,12.3;0.6;1.9;3.1;1.1;1.1;25.6;40.1;4.5;5.6;27.3;37.6;0.6;0.8;0.0;0.0;0.6;0.0;0.3;0.0;0.3;0.3;0.3;0.0,36.66,0.07,0.02,4.12,14.963,0.766,36523.0,91308.0,4,16,,,,,,,,,,,,,,,,,,,,,,,,,,,,,,,,,,,,,,,,,,,,,,,,,,,,,,,,,,,,,
28,summary,0.4454913434455739,0.9612053190191534,0.4648287298864541,0.9531516876779178,0.00097893,15.2,,,,,,,,,,,,,,,,,,,,,,0,65.33,100,0,52.33,89,57,63.67,67,18,20.67,25,59.8,174.03,232.9,2735.0,10801.0,34.0,0,6.8,31.6,63.8,36.66,36.69,36.74,63.16,0.07,0.07,0.07,20.06,0.0,0.01,0.02,4.12,4.66,5.61,10.929,14.197,14.958,14.96,14.963,15.992,0.761,0.76,0.766,28027.0,38785.33,51806.0,9277.0,48486.0,91308.0,4,4.0,4,16,16.0,16,4,16,11.21,2.17
29,1,,,,,,,0,0,58,23,58.2,2745,10801,34,0,61.8,78.9;76.1;87.3;89.2;82.9;83.8;97.1;92.2;80.4;89.2;94.1;92.2;55.8;57.4;24.4;24.9;45.9;46.3;12.7;16.6;39.8;43.9;33.0;41.0,36.7,0.07,0.02,6.38,14.963,0.766,10058.0,10986.0,4,16,,,,,,,,,,,,,,,,,,,,,,,,,,,,,,,,,,,,,,,,,,,,,,,,,,,,,,,,,,,,,
29,2,,,,,,,96,90,67,18,230.0,2730,10801,34,0,23.5,29.1;13.9;26.7;23.2;17.8;17.8;64.1;59.0;34.2;40.8;57.7;68.5;12.7;12.7;6.1;5.1;13.0;13.9;3.4;1.7;12.6;11.2;7.3;11.2,36.67,0.07,0.05,4.52,14.958,0.761,28027.0,15478.0,4,16,,,,,,,,,,,,,,,,,,,,,,,,,,,,,,,,,,,,,,,,,,,,,,,,,,,,,,,,,,,,,
29,3,,,,,,,100,69,65,19,233.6,2730,10801,34,0,7.0,12.5;1.1;3.0;2.7;1.7;1.7;28.7;34.7;4.4;5.2;34.9;33.0;0.6;0.6;0.0;0.0;0.0;0.3;0.5;0.0;0.8;0.0;0.3;0.8,36.66,0.07,0.01,4.13,14.963,0.766,47900.0,40039.0,4,16,,,,,,,,,,,,,,,,,,,,,,,,,,,,,,,,,,,,,,,,,,,,,,,,,,,,,,,,,,,,,
29,summary,0.44307691500124796,0.9612986099649082,0.46048047374593093,0.9553477023180155,0.00097648,15.0,,,,,,,,,,,,,,,,,,,,,,0,65.33,100,0,53.0,90,58,63.33,67,18,20.0,23,58.2,173.93,233.6,2735.0,10801.0,34.0,0,7.0,30.77,61.8,36.66,36.68,36.7,63.16,0.07,0.07,0.07,20.06,0.01,0.03,0.05,4.13,5.01,6.38,10.929,14.197,14.958,14.96,14.963,15.992,0.761,0.76,0.766,10058.0,28661.67,47900.0,10986.0,22167.67,40039.0,4,4.0,4,16,16.0,16,4,16,11.34,1.92
30,1,,,,,,,0,0,57,19,62.9,2745,10801,34,0,62.7,84.4;82.1;92.3;92.8;87.2;85.7;96.9;95.4;91.3;89.7;94.4;97.9;57.7;56.4;22.6;21.0;40.5;46.2;16.4;20.0;37.9;39.5;27.7;27.2,36.72,0.07,0.0,5.99,14.963,0.766,28906.0,10449.0,4,16,,,,,,,,,,,,,,,,,,,,,,,,,,,,,,,,,,,,,,,,,,,,,,,,,,,,,,,,,,,,,
30,2,,,,,,,98,75,66,18,233.0,2745,10801,34,0,24.3,23.6;14.3;25.6;28.1;17.9;18.4;56.2;71.1;44.8;34.8;54.6;71.5;13.1;13.5;8.0;8.7;11.1;12.6;5.1;6.3;11.9;11.9;10.9;9.7,36.7,0.07,0.02,4.69,14.954,0.757,43261.0,66455.0,4,16,,,,,,,,,,,,,,,,,,,,,,,,,,,,,,,,,,,,,,,,,,,,,,,,,,,,,,,,,,,,,
30,3,,,,,,,100,89,64,20,230.7,2745,10801,34,0,6.5,12.6;0.3;2.5;1.4;0.6;1.7;35.9;27.7;4.4;3.3;38.0;24.1;0.3;0.3;0.0;0.3;0.0;0.3;0.3;0.0;0.6;0.0;0.3;0.0,36.67,0.07,0.01,4.29,14.965,0.766,35986.0,79736.0,4,16,,,,,,,,,,,,,,,,,,,,,,,,,,,,,,,,,,,,,,,,,,,,,,,,,,,,,,,,,,,,,
30,summary,0.4431751654742125,0.9619731752649822,0.4607367718059777,0.9554290361935747,0.00097390,15.0,,,,,,,,,,,,,,,,,,,,,,0,66.0,100,0,54.67,89,57,62.33,66,18,19.0,20,62.9,175.53,233.0,2745.0,10801.0,34.0,0,6.5,31.17,62.7,36.67,36.7,36.72,63.16,0.07,0.07,0.07,20.06,0.0,0.01,0.02,4.29,4.99,5.99,10.932,14.199,14.954,14.96,14.965,15.992,0.757,0.76,0.766,28906.0,36051.0,43261.0,10449.0,52213.33,79736.0,4,4.0,4,16,16.0,16,4,16,11.09,2.18
31,1,,,,,,,0,0,57,25,76.5,2745,10801,34,0,64.6,82.3;79.9;90.5;93.5;89.6;87.4;95.0;99.0;92.5;93.0;97.0;95.0;59.0;54.7;25.6;26.4;46.0;50.5;20.0;22.0;37.1;41.7;36.2;38.5,36.72,0.07,0.0,5.91,14.965,0.766,62548.0,46386.0,4,16,,,,,,,,,,,,,,,,,,,,,,,,,,,,,,,,,,,,,,,,,,,,,,,,,,,,,,,,,,,,,
31,2,,,,,,,100,93,65,19,230.1,2745,10801,34,0,23.2,22.8;13.7;28.2;25.2;19.4;18.4;62.3;62.6;32.8;42.2;57.9;66.8;11.5;13.0;3.7;6.1;11.0;11.8;3.2;4.2;11.2;10.8;8.3;10.3,36.71,0.07,0.05,4.78,14.956,0.757,7861.0,15478.0,4,16,,,,,,,,,,,,,,,,,,,,,,,,,,,,,,,,,,,,,,,,,,,,,,,,,,,,,,,,,,,,,
31,3,,,,,,,96,79,67,19,231.3,2745,10801,34,0,7.0,9.9;0.3;3.8;1.4;0.8;1.6;36.8;31.5;5.8;2.7;37.0;32.6;0.3;0.3;0.0;0.0;0.0;0.0;0.3;0.8;0.3;0.0;0.0;0.5,36.66,0.07,0.11,5.39,14.965,0.766,52734.0,50341.0,4,16,,,,,,,,,,,,,,,,,,,,,,,,,,,,,,,,,,,,,,,,,,,,,,,,,,,,,,,,,,,,,
31,summary,0.44309593363508315,0.961714831107507,0.45251912097709845,0.9627084180561204,0.00097120,15.0,,,,,,,,,,,,,,,,,,,,,,0,65.33,100,0,57.33,93,57,63.0,67,19,21.0,25,76.5,179.3,231.3,2745.0,10801.0,34.0,0,7.0,31.6,64.6,36.66,36.7,36.72,63.16,0.07,0.07,0.07,20.06,0.0,0.05,0.11,4.78,5.36,5.91,10.932,14.199,14.956,14.96,14.965,15.992,0.757,0.76,0.766,7861.0,41047.67,62548.0,15478.0,37401.67,50341.0,4,4.0,4,16,16.0,16,4,16,11.33,1.93
32,1,,,,,,,0,0,58,27,58.0,2745,10801,34,0,62.3,82.4;88.0;94.0;94.0;90.5;92.5;96.5;98.5;89.1;91.0;98.0;94.5;59.2;60.2;16.5;16.4;44.3;45.5;11.9;10.0;36.8;36.3;25.4;24.5,36.74,0.07,0.02,4.26,14.965,0.766,21777.0,181298.0,4,16,,,,,,,,,,,,,,,,,,,,,,,,,,,,,,,,,,,,,,,,,,,,,,,,,,,,,,,,,,,,,
32,2,,,,,,,100,68,65,17,232.0,2745,10801,34,0,22.7,24.3;15.7;23.4;25.8;20.0;19.0;76.1;55.1;36.0;34.1;60.1;54.0;12.6;12.6;5.3;5.5;11.6;11.4;2.7;2.7;10.4;10.1;8.0;9.6,36.7,0.07,0.04,5.64,14.96,0.761,8251.0,12646.0,4,16,,,,,,,,,,,,,,,,,,,,,,,,,,,,,,,,,,,,,,,,,,,,,,,,,,,,,,,,,,,,,
32,3,,,,,,,96,89,66,18,229.6,2745,10801,34,0,6.9,12.5;1.4;2.5;1.9;0.6;1.1;19.0;49.7;4.7;5.5;29.8;32.3;0.3;0.6;0.0;0.0;0.3;0.0;0.0;0.0;0.8;0.3;0.3;1.9,36.68,0.07,0.03,4.16,14.965,0.766,53515.0,1416.0,4,16,,,,,,,,,,,,,,,,,,,,,,,,,,,,,,,,,,,,,,,,,,,,,,,,,,,,,,,,,,,,,
32,summary,0.43819797855495296,0.963810289273694,0.45792040439968723,0.9580723871492477,0.00096836,15.1,,,,,,,,,,,,,,,,,,,,,,0,65.33,100,0,52.33,89,58,63.0,66,17,20.67,27,58.0,173.2,232.0,2745.0,10801.0,34.0,0,6.9,30.63,62.3,36.68,36.71,36.74,63.16,0.07,0.07,0.07,20.06,0.02,0.03,0.04,4.16,4.69,5.64,10.932,14.199,14.96,14.96,14.965,15.992,0.761,0.76,0.766,8251.0,27847.67,53515.0,1416.0,65120.0,181298.0,4,4.0,4,16,16.0,16,4,16,11.15,2.2
33,1,,,,,,,0,0,57,27,69.7,2745,10801,34,0,62.9,82.8;86.9;90.9;90.9;84.3;86.4;97.5;96.5;87.9;86.4;94.5;98.5;53.0;59.8;19.3;22.7;46.2;54.0;16.2;15.4;37.2;41.4;32.8;30.7,36.76,0.07,0.0,4.34,14.965,0.766,41162.0,49902.0,4,16,,,,,,,,,,,,,,,,,,,,,,,,,,,,,,,,,,,,,,,,,,,,,,,,,,,,,,,,,,,,,
33,2,,,,,,,97,91,68,20,229.5,2745,10801,34,0,24.3,24.8;16.6;25.7;25.0;18.1;23.3;67.9;58.9;35.1;40.2;65.5;61.3;13.7;14.7;6.9;6.9;13.0;12.3;4.7;5.7;11.5;12.0;9.6;9.6,36.69,0.07,0.02,5.67,14.956,0.757,21191.0,16210.0,4,16,,,,,,,,,,,,,,,,,,,,,,,,,,,,,,,,,,,,,,,,,,,,,,,,,,,,,,,,,,,,,
33,3,,,,,,,100,67,65,19,232.1,2745,10801,34,0,7.8,13.1;2.5;3.3;2.5;2.5;1.9;19.6;54.2;6.9;5.0;28.9;35.2;1.7;0.8;0.0;0.3;0.6;0.8;0.3;0.6;0.8;0.3;1.7;2.7,36.66,0.07,0.39,4.79,14.965,0.766,15283.0,197460.0,4,16,,,,,,,,,,,,,,,,,,,,,,,,,,,,,,,,,,,,,,,,,,,,,,,,,,,,,,,,,,,,,
33,summary,0.4375901570857726,0.963659588515167,0.46323657644478566,0.9546563643757625,0.00096539,14.9,,,,,,,,,,,,,,,,,,,,,,0,65.67,100,0,52.67,91,57,63.33,68,19,22.0,27,69.7,177.1,232.1,2745.0,10801.0,34.0,0,7.8,31.67,62.9,36.66,36.7,36.76,63.16,0.07,0.07,0.07,20.06,0.0,0.14,0.39,4.34,4.93,5.67,10.931,14.199,14.956,14.96,14.965,15.992,0.757,0.76,0.766,15283.0,25878.67,41162.0,16210.0,87857.33,197460.0,4,4.0,4,16,16.0,16,4,16,11.33,1.91
34,1,,,,,,,0,0,57,22,76.0,2745,10801,34,0,63.4,84.4;83.7;90.9;92.3;80.6;87.2;96.4;96.9;87.8;89.8;94.4;94.9;58.2;50.5;29.6;26.0;49.0;52.0;20.4;18.9;38.9;39.3;29.6;28.6,36.74,0.07,0.01,4.35,14.965,0.766,10107.0,48583.0,4,16,,,,,,,,,,,,,,,,,,,,,,,,,,,,,,,,,,,,,,,,,,,,,,,,,,,,,,,,,,,,,
34,2,,,,,,,100,67,65,18,232.2,2745,10801,34,0,23.9,30.4;15.8;29.1;27.9;21.8;19.6;58.3;66.3;37.0;41.7;58.5;52.1;14.1;14.0;6.1;7.1;13.8;12.4;2.9;4.4;10.2;12.6;7.3;9.5,36.68,0.07,0.01,5.58,14.956,0.757,8642.0,14648.0,4,16,,,,,,,,,,,,,,,,,,,,,,,,,,,,,,,,,,,,,,,,,,,,,,,,,,,,,,,,,,,,,
34,3,,,,,,,99,96,66,18,232.4,2745,10801,34,0,7.4,11.5;1.1;4.4;1.1;1.7;0.8;45.1;28.4;7.1;3.8;29.2;35.6;1.9;0.8;0.3;0.3;0.0;0.6;0.0;0.0;2.2;1.4;0.0;0.6,36.65,0.07,0.03,4.19,14.965,0.766,63476.0,1367.0,4,16,,,,,,,,,,,,,,,,,,,,,,,,,,,,,,,,,,,,,,,,,,,,,,,,,,,,,,,,,,,,,
34,summary,0.4354758790076078,0.9643556824950305,0.45310798211037606,0.9613257421716145,0.00096230,15.0,,,,,,,,,,,,,,,,,,,,,,0,66.33,100,0,54.33,96,57,62.67,66,18,19.33,22,76.0,180.2,232.4,2745.0,10801.0,34.0,0,7.4,31.57,63.4,36.65,36.69,36.74,63.16,0.07,0.07,0.07,20.06,0.01,0.02,0.03,4.19,4.71,5.58,10.931,14.199,14.956,14.96,14.965,15.992,0.757,0.76,0.766,8642.0,27408.33,63476.0,1367.0,21532.67,48583.0,4,4.0,4,16,16.0,16,4,16,11.12,2.17
35,1,,,,,,,0,0,57,27,58.7,2745,10801,34,0,63.5,86.3;88.5;94.0;89.9;88.9;87.5;93.5;96.0;90.5;88.4;94.0;97.5;56.7;56.2;21.5;23.0;42.5;48.0;16.5;17.0;41.6;43.5;31.5;31.8,36.72,0.07,0.04,4.34,14.965,0.766,22167.0,20166.0,4,16,,,,,,,,,,,,,,,,,,,,,,,,,,,,,,,,,,,,,,,,,,,,,,,,,,,,,,,,,,,,,
35,2,,,,,,,97,88,65,17,229.2,2730,10801,34,0,23.9,24.6;15.2;28.0;24.8;20.9;19.7;59.7;62.1;38.3;35.9;52.2;76.0;12.5;14.2;6.2;6.4;11.8;11.8;3.4;5.7;11.5;11.8;8.4;10.8,36.69,0.07,0.0,5.65,14.956,0.757,29541.0,14501.0,4,16,,,,,,,,,,,,,,,,,,,,,,,,,,,,,,,,,,,,,,,,,,,,,,,,,,,,,,,,,,,,,
35,3,,,,,,,100,76,66,19,233.2,2730,10801,34,0,7.4,13.0;0.6;2.2;3.0;1.4;0.8;46.1;33.5;6.9;5.0;41.3;17.1;0.6;0.3;0.5;0.0;0.8;0.0;0.3;0.0;0.0;0.8;0.6;1.6,36.66,0.07,0.04,4.35,14.965,0.766,34716.0,84082.0,4,16,,,,,,,,,,,,,,,,,,,,,,,,,,,,,,,,,,,,,,,,,,,,,,,,,,,,,,,,,,,,,
35,summary,0.4363374639435919,0.9643126251354512,0.4620857071081474,0.9528263521756811,0.00095908,15.0,,,,,,,,,,,,,,,,,,,,,,0,65.67,100,0,54.67,88,57,62.67,66,17,21.0,27,58.7,173.7,233.2,2735.0,10801.0,34.0,0,7.4,31.6,63.5,36.66,36.69,36.72,63.16,0.07,0.07,0.07,20.06,0.0,0.03,0.04,4.34,4.78,5.65,10.928,14.199,14.956,14.96,14.965,15.992,0.757,0.76,0.766,22167.0,28808.0,34716.0,14501.0,39583.0,84082.0,4,4.0,4,16,16.0,16,4,16,11.33,1.92
36,1,,,,,,,0,0,57,25,58.9,2745,10801,34,0,62.6,82.8;83.8;94.9;93.4;88.0;90.9;92.5;96.5;89.9;89.4;94.4;98.5;58.3;56.8;21.6;18.7;44.4;44.4;19.2;14.6;35.4;36.9;29.3;26.3,36.74,0.07,0.02,4.37,14.965,0.766,16064.0,9667.0,4,16,,,,,,,,,,,,,,,,,,,,,,,,,,,,,,,,,,,,,,,,,,,,,,,,,,,,,,,,,,,,,
36,2,,,,,,,96,89,68,19,228.7,2730,10801,34,0,23.2,23.1;13.9;28.8;22.8;18.3;16.8;62.2;62.5;38.1;38.1;69.5;56.8;13.3;12.8;6.0;5.1;11.8;12.0;2.4;3.9;10.4;11.8;5.1;11.0,36.69,0.07,0.0,5.57,14.956,0.757,66064.0,156689.0,4,16,,,,,,,,,,,,,,,,,,,,,,,,,,,,,,,,,,,,,,,,,,,,,,,,,,,,,,,,,,,,,
36,3,,,,,,,100,70,66,19,231.7,2730,10801,34,0,6.9,11.1;0.3;2.5;2.8;1.1;1.1;42.6;26.5;4.4;3.9;28.7;34.9;0.6;0.3;0.3;0.6;0.6;0.3;0.3;0.6;0.6;0.6;0.8;0.8,36.66,0.07,0.04,4.17,14.965,0.766,30957.0,95312.0,4,16,,,,,,,,,,,,,,,,,,,,,,,,,,,,,,,,,,,,,,,,,,,,,,,,,,,,,,,,,,,,,
36,summary,0.4341085620330287,0.9651307149674558,0.45753733928536144,0.9574623830825539,0.00095574,15.2,,,,,,,,,,,,,,,,,,,,,,0,65.33,100,0,53.0,89,57,63.67,68,19,21.0,25,58.9,173.1,231.7,2735.0,10801.0,34.0,0,6.9,30.9,62.6,36.66,36.7,36.74,63.16,0.07,0.07,0.07,20.06,0.0,0.02,0.04,4.17,4.7,5.57,10.93,14.199,14.956,14.96,14.965,15.992,0.757,0.76,0.766,16064.0,37695.0,66064.0,9667.0,87222.67,156689.0,4,4.0,4,16,16.0,16,4,16,11.13,2.2
37,1,,,,,,,0,0,57,19,82.2,2745,10801,34,0,61.6,79.5;77.9;90.1;92.6;80.3;84.3;96.1;96.6;84.3;88.7;94.6;93.1;60.1;55.7;20.2;24.6;39.7;42.6;17.7;13.3;41.2;38.9;31.5;34.5,36.71,0.07,0.02,7.76,14.965,0.766,7177.0,56201.0,4,16,,,,,,,,,,,,,,,,,,,,,,,,,,,,,,,,,,,,,,,,,,,,,,,,,,,,,,,,,,,,,
37,2,,,,,,,100,73,66,18,233.2,2745,10801,34,0,23.4,24.5;14.5;24.3;30.2;17.4;20.1;68.1;69.3;40.3;29.2;60.7;53.6;14.0;11.5;5.7;5.9;11.3;11.8;5.2;5.4;10.3;10.8;9.3;8.8,36.69,0.07,0.0,4.24,14.96,0.761,11279.0,30126.0,4,16,,,,,,,,,,,,,,,,,,,,,,,,,,,,,,,,,,,,,,,,,,,,,,,,,,,,,,,,,,,,,
37,3,,,,,,,100,96,65,18,232.2,2745,10801,34,0,7.0,9.8;1.1;3.6;3.3;1.7;0.8;27.7;32.4;6.9;4.1;24.0;48.5;0.3;1.4;0.3;0.0;0.0;0.0;0.3;0.0;0.0;0.6;0.6;1.1,36.65,0.07,0.01,3.93,14.965,0.766,39843.0,85302.0,4,16,,,,,,,,,,,,,,,,,,,,,,,,,,,,,,,,,,,,,,,,,,,,,,,,,,,,,,,,,,,,,
37,summary,0.4333993259668376,0.9654823500706858,0.4543433433603882,0.9602684017893452,0.00095227,14.9,,,,,,,,,,,,,,,,,,,,,,0,66.67,100,0,56.33,96,57,62.67,66,18,18.33,19,82.2,182.53,233.2,2745.0,10801.0,34.0,0,7.0,30.67,61.6,36.65,36.68,36.71,63.16,0.07,0.07,0.07,20.06,0.0,0.01,0.02,3.93,5.31,7.76,10.93,14.199,14.96,14.96,14.965,15.992,0.761,0.76,0.766,7177.0,19433.0,39843.0,30126.0,57209.67,85302.0,4,4.0,4,16,16.0,16,4,16,11.29,1.93
38,1,,,,,,,36,37,57,27,64.4,2745,10801,34,0,62.7,83.9;82.9;92.5;92.5;83.9;90.5;97.5;96.0;84.0;88.4;95.5;95.5;52.0;47.7;17.4;19.4;45.2;45.0;19.0;18.0;42.5;45.0;33.5;37.5,36.71,0.07,0.08,6.12,14.965,0.766,22558.0,9960.0,4,16,,,,,,,,,,,,,,,,,,,,,,,,,,,,,,,,,,,,,,,,,,,,,,,,,,,,,,,,,,,,,
38,2,,,,,,,96,88,65,19,220.3,2730,10801,34,0,23.8,29.3;15.4;28.2;29.6;20.0;19.5;58.0;62.4;30.4;41.1;61.7;63.8;12.5;12.3;6.5;5.8;9.7;11.8;3.9;5.8;11.1;12.3;8.2;10.4,36.69,0.07,0.01,4.64,14.956,0.757,5566.0,17041.0,4,16,,,,,,,,,,,,,,,,,,,,,,,,,,,,,,,,,,,,,,,,,,,,,,,,,,,,,,,,,,,,,
38,3,,,,,,,100,73,66,16,233.1,2730,10801,34,0,7.0,14.5;0.8;2.2;1.9;1.1;0.6;24.3;37.7;3.9;2.8;24.9;46.0;0.6;1.4;0.0;0.0;0.6;0.3;0.0;0.0;0.3;0.6;0.8;1.4,36.67,0.07,0.02,5.2,14.965,0.766,86425.0,1367.0,4,16,,,,,,,,,,,,,,,,,,,,,,,,,,,,,,,,,,,,,,,,,,,,,,,,,,,,,,,,,,,,,
38,summary,0.43034175924137097,0.9664654931144105,0.45672348315951394,0.9586010573403823,0.00094867,15.1,,,,,,,,,,,,,,,,,,,,,,36,77.33,100,37,66.0,88,57,62.67,66,16,20.67,27,64.4,172.6,233.1,2735.0,10801.0,34.0,0,7.0,31.17,62.7,36.67,36.69,36.71,63.16,0.07,0.07,0.07,20.06,0.01,0.04,0.08,4.64,5.32,6.12,10.93,14.199,14.956,14.96,14.965,15.992,0.757,0.76,0.766,5566.0,38183.0,86425.0,1367.0,9456.0,17041.0,4,4.0,4,16,16.0,16,4,16,11.15,2.19
39,1,,,,,,,0,0,57,19,60.8,2745,10801,34,0,63.2,77.6;84.3;90.9;91.4;81.7;86.9;94.9;95.4;86.3;91.9;92.9;98.0;49.2;55.8;23.7;29.6;43.7;50.0;20.2;18.8;41.6;43.1;35.0;35.5,36.75,0.07,0.01,4.39,14.965,0.766,8740.0,69580.0,4,16,,,,,,,,,,,,,,,,,,,,,,,,,,,,,,,,,,,,,,,,,,,,,,,,,,,,,,,,,,,,,
39,2,,,,,,,100,67,68,19,231.0,2730,10801,34,0,24.0,27.8;15.2;30.9;27.5;18.1;20.0;53.7;67.9;39.7;38.7;56.9;68.9;13.0;13.5;6.6;5.4;9.6;12.7;5.4;4.9;9.3;11.3;7.6;10.8,36.71,0.07,0.01,4.72,14.96,0.761,16992.0,14013.0,4,16,,,,,,,,,,,,,,,,,,,,,,,,,,,,,,,,,,,,,,,,,,,,,,,,,,,,,,,,,,,,,
39,3,,,,,,,96,89,65,18,231.4,2730,10801,34,0,7.3,11.9;0.6;1.4;2.8;0.3;1.1;31.8;40.3;3.9;5.0;35.0;32.9;0.8;1.1;0.3;0.3;0.8;0.0;1.4;0.0;0.3;1.1;0.3;0.8,36.67,0.07,0.02,5.2,14.965,0.766,47021.0,50732.0,4,16,,,,,,,,,,,,,,,,,,,,,,,,,,,,,,,,,,,,,,,,,,,,,,,,,,,,,,,,,,,,,
39,summary,0.42995513095092736,0.9668745380304129,0.4595604307043596,0.9577877185847906,0.00094495,14.9,,,,,,,,,,,,,,,,,,,,,,0,65.33,100,0,52.0,89,57,63.33,68,18,18.67,19,60.8,174.4,231.4,2735.0,10801.0,34.0,0,7.3,31.5,63.2,36.67,36.71,36.75,63.16,0.07,0.07,0.07,20.06,0.01,0.01,0.02,4.39,4.77,5.2,10.929,14.199,14.96,14.96,14.965,15.992,0.761,0.76,0.766,8740.0,24251.0,47021.0,14013.0,44775.0,69580.0,4,4.0,4,16,16.0,16,4,16,11.31,1.9
40,1,,,,,,,0,0,57,27,67.1,2745,10801,34,0,63.3,82.1;79.9;89.4;88.3;80.8;86.3;96.4;96.5;89.4;89.3;94.4;98.5;52.8;61.3;23.2;24.7;52.5;55.6;16.7;14.1;37.9;41.4;33.3;35.4,36.75,0.07,0.37,5.34,14.965,0.766,4687.0,16748.0,4,16,,,,,,,,,,,,,,,,,,,,,,,,,,,,,,,,,,,,,,,,,,,,,,,,,,,,,,,,,,,,,
40,2,,,,,,,96,89,64,17,229.6,2730,10801,34,0,24.0,24.5;13.5;27.1;26.8;19.9;18.9;63.4;70.9;36.0;37.3;61.2;66.3;13.2;11.5;6.1;6.9;8.8;11.5;5.7;5.7;10.1;11.8;9.8;8.8,36.7,0.07,0.01,5.67,14.96,0.761,30371.0,15283.0,4,16,,,,,,,,,,,,,,,,,,,,,,,,,,,,,,,,,,,,,,,,,,,,,,,,,,,,,,,,,,,,,
40,3,,,,,,,96,77,65,16,231.1,2730,10801,34,0,6.9,11.8;0.5;3.8;2.4;1.1;0.5;38.5;22.2;4.6;7.0;48.9;19.3;0.8;0.8;0.0;0.3;0.3;0.0;0.3;0.0;2.2;0.3;0.3;0.3,36.67,0.07,0.03,4.09,14.965,0.766,69384.0,1416.0,4,16,,,,,,,,,,,,,,,,,,,,,,,,,,,,,,,,,,,,,,,,,,,,,,,,,,,,,,,,,,,,,
40,summary,0.42939523852066797,0.966565960286762,0.45410207637008876,0.9592517283448556,0.00094111,15.1,,,,,,,,,,,,,,,,,,,,,,0,64.0,96,0,55.33,89,57,62.0,65,16,20.0,27,67.1,175.93,231.1,2735.0,10801.0,34.0,0,6.9,31.4,63.3,36.67,36.71,36.75,63.16,0.07,0.07,0.07,20.06,0.01,0.14,0.37,4.09,5.03,5.67,10.929,14.199,14.96,14.96,14.965,15.992,0.761,0.76,0.766,4687.0,34814.0,69384.0,1416.0,11149.0,16748.0,4,4.0,4,16,16.0,16,4,16,11.14,2.19
41,1,,,,,,,89,72,61,27,73.7,2745,10801,34,0,63.5,84.4;82.7;89.2;91.8;88.7;93.3;99.5;94.9;87.2;87.2;93.9;98.0;61.7;56.1;23.9;17.9;49.0;51.0;16.2;16.3;38.3;41.1;28.9;37.1,36.76,0.07,0.01,4.57,14.965,0.766,9863.0,202685.0,4,16,,,,,,,,,,,,,,,,,,,,,,,,,,,,,,,,,,,,,,,,,,,,,,,,,,,,,,,,,,,,,
41,2,,,,,,,100,68,68,18,231.8,2730,10801,34,0,24.4,25.3;14.7;26.3;27.9;23.7;18.2;62.1;60.2;38.6;36.6;71.3;54.8;12.3;14.0;6.9;7.6;13.8;12.5;5.2;5.2;12.7;12.3;11.3;10.6,36.67,0.07,0.03,6.41,14.96,0.761,5615.0,36425.0,4,16,,,,,,,,,,,,,,,,,,,,,,,,,,,,,,,,,,,,,,,,,,,,,,,,,,,,,,,,,,,,,
41,3,,,,,,,99,98,65,18,230.4,2730,10801,34,0,7.0,9.8;0.8;2.2;1.9;1.9;0.3;40.1;38.1;3.3;5.3;28.0;29.0;0.6;0.6;0.6;0.3;0.8;0.8;0.8;1.1;0.3;0.0;0.3;0.0,36.65,0.07,0.01,4.63,14.965,0.766,13818.0,198193.0,4,16,,,,,,,,,,,,,,,,,,,,,,,,,,,,,,,,,,,,,,,,,,,,,,,,,,,,,,,,,,,,,
41,summary,0.4280435710875713,0.9667238372718857,0.4624048091813577,0.9573403822692151,0.00093715,14.9,,,,,,,,,,,,,,,,,,,,,,89,96.0,100,68,79.33,98,61,64.67,68,18,21.0,27,73.7,178.63,231.8,2735.0,10801.0,34.0,0,7.0,31.63,63.5,36.65,36.69,36.76,63.16,0.07,0.07,0.07,20.06,0.01,0.02,0.03,4.57,5.2,6.41,10.929,14.199,14.96,14.96,14.965,15.992,0.761,0.76,0.766,5615.0,9765.33,13818.0,36425.0,145767.67,202685.0,4,4.0,4,16,16.0,16,4,16,11.29,1.89
42,1,,,,,,,17,18,57,22,61.0,2745,10801,34,0,63.1,82.8;79.9;91.4;93.4;88.4;91.5;96.5;97.5;85.0;88.4;98.0;95.0;51.0;51.8;26.3;23.5;42.9;46.5;20.1;18.1;35.9;43.7;34.3;33.3,36.73,0.07,0.03,4.46,14.965,0.766,28662.0,10937.0,4,16,,,,,,,,,,,,,,,,,,,,,,,,,,,,,,,,,,,,,,,,,,,,,,,,,,,,,,,,,,,,,
42,2,,,,,,,96,87,65,19,231.0,2745,10801,34,0,24.4,24.2;16.2;27.8;27.8;20.3;22.4;64.1;56.7;36.3;34.0;76.9;53.4;11.8;13.5;8.8;6.4;11.6;12.3;5.2;4.7;12.8;13.1;12.1;11.8,36.68,0.07,0.24,6.12,14.956,0.757,14501.0,19726.0,4,16,,,,,,,,,,,,,,,,,,,,,,,,,,,,,,,,,,,,,,,,,,,,,,,,,,,,,,,,,,,,,
42,3,,,,,,,96,78,65,19,231.6,2745,10801,34,0,6.7,10.3;1.4;2.2;1.6;0.8;0.8;19.2;40.1;4.6;5.4;26.2;42.3;0.3;0.5;0.3;0.3;0.5;0.3;0.3;0.0;0.0;0.0;0.5;1.4,36.67,0.07,0.41,5.27,14.965,0.766,54833.0,97.0,4,16,,,,,,,,,,,,,,,,,,,,,,,,,,,,,,,,,,,,,,,,,,,,,,,,,,,,,,,,,,,,,
42,summary,0.4266864878593105,0.9676782754092244,0.4644548879594714,0.9560390402602684,0.00093307,15.0,,,,,,,,,,,,,,,,,,,,,,17,69.67,96,18,61.0,87,57,62.33,65,19,20.0,22,61.0,174.53,231.6,2745.0,10801.0,34.0,0,6.7,31.4,63.1,36.67,36.69,36.73,63.16,0.07,0.07,0.07,20.06,0.03,0.23,0.41,4.46,5.28,6.12,10.929,14.199,14.956,14.96,14.965,15.992,0.757,0.76,0.766,14501.0,32665.33,54833.0,97.0,10253.33,19726.0,4,4.0,4,16,16.0,16,4,16,11.14,2.18
43,1,,,,,,,0,0,57,24,63.4,2745,10801,34,0,63.1,77.3;80.3;93.4;91.9;84.3;89.4;97.0;95.9;91.4;90.4;96.4;94.9;54.0;57.3;19.6;20.2;51.7;48.5;12.4;11.6;41.7;38.2;39.9;39.7,36.72,0.07,0.02,4.41,14.965,0.766,29150.0,10644.0,4,16,,,,,,,,,,,,,,,,,,,,,,,,,,,,,,,,,,,,,,,,,,,,,,,,,,,,,,,,,,,,,
43,2,,,,,,,100,77,65,18,232.6,2730,10801,34,0,25.0,28.1;17.9;30.2;30.7;17.2;24.0;59.0;61.0;36.1;39.5;64.5;66.1;14.7;14.0;8.1;5.2;13.1;13.7;4.9;4.0;13.0;13.0;9.3;12.3,36.68,0.07,0.01,5.67,14.956,0.757,34033.0,69628.0,4,16,,,,,,,,,,,,,,,,,,,,,,,,,,,,,,,,,,,,,,,,,,,,,,,,,,,,,,,,,,,,,
43,3,,,,,,,100,93,66,20,231.0,2730,10801,34,0,7.3,14.5;0.8;3.0;1.7;1.9;1.4;22.3;35.4;4.7;4.4;31.2;45.7;0.6;0.6;0.3;0.3;0.6;1.4;0.6;0.0;0.6;1.4;0.0;1.4,36.66,0.07,0.04,4.18,14.965,0.766,37207.0,110791.0,4,16,,,,,,,,,,,,,,,,,,,,,,,,,,,,,,,,,,,,,,,,,,,,,,,,,,,,,,,,,,,,,
43,summary,0.4243105517796809,0.968862352797652,0.4591595233432061,0.9581943879625864,0.00092887,15.0,,,,,,,,,,,,,,,,,,,,,,0,66.67,100,0,56.67,93,57,62.67,66,18,20.67,24,63.4,175.67,232.6,2735.0,10801.0,34.0,0,7.3,31.8,63.1,36.66,36.69,36.72,63.16,0.07,0.07,0.07,20.06,0.01,0.02,0.04,4.18,4.75,5.67,10.929,14.199,14.956,14.96,14.965,15.992,0.757,0.76,0.766,29150.0,33463.33,37207.0,10644.0,63687.67,110791.0,4,4.0,4,16,16.0,16,4,16,11.3,1.94
